"surface","prov","n"
"TORONTO","ON",3134575
"MONTREAL","QC",2617477
"CALGARY","AB",1731560
"EDMONTON","AB",1402600
"OTTAWA","ON",1131350
"VANCOUVER","BC",1073826
"WINNIPEG","MB",1062945
"QUEBEC","QC",957427
"MISSISSAUGA","ON",800841
"HAMILTON","ON",662910
"SURREY","BC",617401
"LONDON","ON",593446
"LAVAL","QC",590857
"BRAMPTON","ON",579719
"HALIFAX","NS",542699
"GATINEAU","QC",439592
"SASKATOON","SK",387296
"BURNABY","BC",358890
"MARKHAM","ON",336318
"KITCHENER","ON",332936
"LONGUEUIL","QC",332585
"REGINA","SK",324537
"WINDSOR","ON",315392
"NORTH YORK","ON",296063
"SHERBROOKE","QC",294757
"RICHMOND","BC",289257
"VICTORIA","BC",255927
"OAKVILLE","ON",251094
"LEVIS","QC",246942
"TROIS-RIVIERES","QC",243752
"BURLINGTON","ON",237757
"VAUGHAN","ON",236218
"SCARBOROUGH","ON",234568
"RICHMOND HILL","ON",231664
"KELOWNA","BC",230424
"OSHAWA","ON",220210
"LANGLEY","BC",207371
"NORTH VANCOUVER","BC",203843
"KINGSTON","ON",199270
"GUELPH","ON",190370
"COQUITLAM","BC",189441
"BARRIE","ON",185569
"ABBOTSFORD","BC",177980
"WATERLOO","ON",170684
"CAMBRIDGE","ON",170616
"ST. JOHN'S","NL",169347
"ETOBICOKE","ON",164966
"THUNDER BAY","ON",159596
"RED DEER","AB",158785
"SAGUENAY","QC",158200
"TERREBONNE","QC",157611
"WHITBY","ON",156002
"GREATER SUDBURY / GRAND SUDBURY","ON",154980
"NANAIMO","BC",152402
"SAINT-JEAN-SUR-RICHELIEU","QC",147496
"BRANTFORD","ON",143342
"KAMLOOPS","BC",140952
"LETHBRIDGE","AB",139314
"DRUMMONDVILLE","QC",135120
"SAINT-JEROME","QC",133725
"MILTON","ON",131706
"BROSSARD","QC",130065
"ST. CATHARINES","ON",128708
"DELTA","BC",127861
"NIAGARA FALLS","ON",126915
"CHILLIWACK","BC",126096
"AJAX","ON",124441
"MONCTON","NB",124326
"PETERBOROUGH","ON",121672
"NEW WESTMINSTER","BC",118319
"PRINCE GEORGE","BC",117606
"REPENTIGNY","QC",115955
"GRANBY","QC",114019
"PICKERING","ON",112250
"MAPLE RIDGE","BC",111395
"SAINT JOHN","NB",111112
"SAULT STE. MARIE","ON",109757
"AIRDRIE","AB",106080
"SARNIA","ON",105085
"FREDERICTON","NB",103072
"SAANICH","BC",101732
"CHATHAM-KENT","ON",100942
"MEDICINE HAT","AB",100678
"CAPE BRETON","NS",100342
"NEWMARKET","ON",99584
"SAINT-HYACINTHE","QC",98697
"SHAWINIGAN","QC",95329
"GRANDE PRAIRIE","AB",92006
"STRATHCONA COUNTY","AB",91380
"MIRABEL","QC",91057
"ST. ALBERT","AB",87239
"RIMOUSKI","QC",83637
"BELLEVILLE","ON",81488
"WELLAND","ON",81393
"KAWARTHA LAKES","ON",80498
"NORTH BAY","ON",79532
"VERNON","BC",78726
"VICTORIAVILLE","QC",78569
"CLARINGTON","ON",78546
"BRANDON","MB",78019
"PORT COQUITLAM","BC",77847
"BLAINVILLE","QC",76450
"SALABERRY-DE-VALLEYFIELD","QC",75614
"NEPEAN","ON",74574
"CORNWALL","ON",73513
"MASCOUCHE","QC",72687
"AURORA","ON",70026
"ROUYN-NORANDA","QC",69918
"CHATEAUGUAY","QC",68018
"WOODSTOCK","ON",67863
"LANGFORD","BC",67193
"SAINT-EUSTACHE","QC",66715
"CHARLOTTETOWN","PE",65103
"ST CATHARINES","ON",64755
"YORK","ON",64617
"PENTICTON","BC",64266
"NORFOLK COUNTY","ON",63018
"WOOD BUFFALO","AB",62904
"WEST VANCOUVER","BC",62630
"CALEDON","ON",62054
"SPRUCE GROVE","AB",61492
"SOREL-TRACY","QC",61118
"VAUDREUIL-DORION","QC",60033
"BOUCHERVILLE","QC",59357
"CAMPBELL RIVER","BC",57921
"DOLLARD-DES-ORMEAUX","QC",57154
"TIMMINS","ON",56226
"SAINT-GEORGES","QC",55148
"VAL-D'OR","QC",53884
"MOOSE JAW","SK",53323
"COCHRANE","AB",52971
"POINTE-CLAIRE","QC",52485
"INNISFIL","ON",52103
"MAGOG","QC",51960
"COURTENAY","BC",51860
"THORNHILL","ON",51227
"ORILLIA","ON",50563
"PRINCE ALBERT","SK",50507
"ORLEANS","ON",50366
"STRATFORD","ON",50351
"MISSION","BC",50193
"EAST YORK","ON",49790
"SAINT-LAURENT","QC",49559
"ALMA","QC",49268
"WEST KELOWNA","BC",48740
"DARTMOUTH","NS",48066
"HALTON HILLS","ON",46562
"THETFORD MINES","QC",46370
"ROCKY VIEW COUNTY","AB",46182
"SAINTE-THERESE","QC",46035
"SUDBURY","ON",45967
"PORT MOODY","BC",45864
"LEDUC","AB",45541
"HALDIMAND COUNTY","ON",45172
"WASAGA BEACH","ON",44695
"COLLINGWOOD","ON",44545
"QUINTE WEST","ON",43503
"WOODBRIDGE","ON",43305
"FORT ERIE","ON",43136
"SAINT-HUBERT","QC",42669
"MONTREAL-NORD","QC",42654
"SAINTE-JULIE","QC",41978
"SHERWOOD PARK","AB",41636
"DIEPPE","NB",41620
"CHAMBLY","QC",41499
"LASALLE","QC",41341
"NORTH COWICHAN","BC",41228
"WHITEHORSE","YT",41079
"FORT SASKATCHEWAN","AB",41007
"GEORGINA","ON",40926
"PARKLAND COUNTY","AB",40675
"ST. THOMAS","ON",40338
"SAINT-CONSTANT","QC",40196
"OKOTOKS","AB",39789
"JOLIETTE","QC",39639
"VERDUN","QC",39497
"SEPT-ILES","QC",39418
"BOISBRIAND","QC",39300
"WHITCHURCH-STOUFFVILLE","ON",38412
"LUNENBURG","NS",38276
"GLOUCESTER","ON",37843
"BROCKVILLE","ON",37732
"LASALLE","ON",37709
"WHITE ROCK","BC",37599
"SAINT-LAMBERT","QC",37483
"GRIMSBY","ON",37340
"WHISTLER","BC",37086
"CONCEPTION BAY SOUTH","NL",36998
"OWEN SOUND","ON",36978
"KANATA","ON",36927
"SAINT-LEONARD","QC",36817
"LA PRAIRIE","QC",36273
"RIVIERE-DU-LOUP","QC",36192
"ORANGEVILLE","ON",35924
"HUNTSVILLE","ON",35720
"LEAMINGTON","ON",35375
"FORT ST. JOHN","BC",34842
"COBOURG","ON",34764
"NEW TECUMSETH","ON",34342
"BELOEIL","QC",34272
"CANMORE","AB",34006
"MOUNT PEARL","NL",33937
"CRANBROOK","BC",33838
"CHESTERMERE","AB",33614
"BAIE-COMEAU","QC",33441
"PORT ALBERNI","BC",33276
"CHICOUTIMI","QC",33190
"BRANT","ON",32894
"SAINT-LIN-LAURENTIDES","QC",32488
"COTE-SAINT-LUC","QC",32422
"LAKESHORE","ON",32412
"DORVAL","QC",32356
"EAST GWILLIMBURY","ON",31988
"THOROLD","ON",31930
"L'ASSOMPTION","QC",31556
"WESTMOUNT","QC",31366
"MONT-TREMBLANT","QC",31154
"CANDIAC","QC",31021
"FORT MCMURRAY","AB",30898
"PORT COLBORNE","ON",30870
"AMHERSTBURG","ON",30634
"CAMROSE","AB",30623
"STONEY CREEK","ON",30505
"CORNER BROOK","NL",30264
"TINY","ON",30171
"BRACEBRIDGE","ON",29882
"PARADISE","NL",29843
"BRADFORD WEST GWILLIMBURY","ON",29790
"SALMON ARM","BC",29538
"TILLSONBURG","ON",29412
"TECUMSEH","ON",29207
"SAINT-CHARLES-BORROMEE","QC",28999
"RED DEER COUNTY","AB",28973
"JONQUIERE","QC",28953
"RIVERVIEW","NB",28760
"SAINT-AUGUSTIN-DE-DESMAURES","QC",28760
"PEMBROKE","ON",28727
"MONT-ROYAL","QC",28622
"SQUAMISH","BC",28602
"PARKSVILLE","BC",28524
"VARENNES","QC",28433
"ESQUIMALT","BC",28290
"PRINCE EDWARD COUNTY","ON",28172
"MAPLE","ON",28136
"SAINTE-ADELE","QC",28029
"COWANSVILLE","QC",28001
"MIRAMICHI","NB",27771
"ORO-MEDONTE","ON",27736
"CHATHAM","ON",27631
"MIDLAND","ON",27490
"MONT-SAINT-HILAIRE","QC",27324
"CENTRE WELLINGTON","ON",26996
"SYLVAN LAKE","AB",26808
"SWIFT CURRENT","SK",26767
"BEAUMONT","AB",26671
"SUMMERSIDE","PE",26195
"SAINTE-MARTHE-SUR-LE-LAC","QC",25948
"KINGSVILLE","ON",25909
"EDMUNDSTON","NB",25756
"YELLOWKNIFE","NT",25716
"YARMOUTH","NS",25625
"PORTAGE LA PRAIRIE","MB",25616
"STEINBACH","MB",25549
"LACHUTE","QC",25469
"PIERREFONDS","QC",25368
"L'ANCIENNE-LORETTE","QC",25348
"SAINT-SAUVEUR","QC",25299
"MATANE","QC",25299
"UXBRIDGE","ON",25275
"GASPE","QC",25239
"YORKTON","SK",25037
"STONY PLAIN","AB",25033
"ESSEX","ON",24949
"POWELL RIVER","BC",24898
"SAINT-LAZARE","QC",24722
"MONT-LAURIER","QC",24722
"DEUX-MONTAGNES","QC",24576
"SAINTE-SOPHIE","QC",24543
"PITT MEADOWS","BC",24503
"COMOX","BC",24316
"SAINTE-AGATHE-DES-MONTS","QC",24275
"SAINT-BRUNO-DE-MONTARVILLE","QC",24080
"BATHURST","NB",23965
"ST THOMAS","ON",23871
"LACHINE","QC",23834
"PORT HOPE","ON",23830
"DOLBEAU-MISTASSINI","QC",23828
"BEAUHARNOIS","QC",23795
"GRAVENHURST","ON",23723
"SAINTE-CATHERINE","QC",23715
"LINCOLN","ON",23633
"EAST HANTS","NS",23618
"BECANCOUR","QC",23531
"TRURO","NS",23457
"SOOKE","BC",23344
"KINGS, SUBD. A","NS",23184
"VAL-DES-MONTS","QC",23151
"KENORA","ON",22987
"CLARENCE-ROCKLAND","ON",22694
"QUISPAMSIS","NB",22468
"LAKE COUNTRY","BC",22422
"SAINT-COLOMBAN","QC",22368
"RAWDON","QC",22349
"SIDNEY","BC",22266
"KIRKLAND","QC",22203
"CARLETON PLACE","ON",22076
"QUESNEL","BC",21963
"SAINTE-MARIE","QC",21792
"ANJOU","QC",21734
"AMOS","QC",21701
"BROMONT","QC",21646
"PETAWAWA","ON",21563
"COLCHESTER, SUBD. B","NS",21480
"SAINT-BASILE-LE-GRAND","QC",21470
"BEACONSFIELD","QC",21417
"HIGH RIVER","AB",21354
"GRAND FALLS-WINDSOR","NL",21326
"NORTH BATTLEFORD","SK",21290
"LAVALTRIE","QC",21159
"RUSSELL","ON",21097
"COLD LAKE","AB",21037
"WOOLWICH","ON",20880
"STRATHROY-CARADOC","ON",20782
"NELSON","BC",20760
"WILLIAMS LAKE","BC",20731
"BROOKS","AB",20664
"DAWSON CREEK","BC",20651
"KING","ON",20517
"MONTMAGNY","QC",20376
"TERRACE","BC",20126
"KINCARDINE","ON",20124
"LA TUQUE","QC",20123
"STITTSVILLE","ON",20080
"GRANDE PRAIRIE COUNTY NO. 1","AB",19938
"SELWYN","ON",19903
"SAINTE-ANNE-DES-PLAINES","QC",19802
"QUALICUM BEACH","BC",19785
"STRATHMORE","AB",19735
"BOWMANVILLE","ON",19715
"SAINT-RAYMOND","QC",19699
"ELLIOT LAKE","ON",19599
"METRO VANCOUVER A","BC",19566
"WETASKIWIN","AB",19518
"WINKLER","MB",19474
"SAINT-HIPPOLYTE","QC",19330
"SPRINGWATER","ON",19203
"WEST HANTS","NS",19190
"STOUFFVILLE","ON",19160
"SECHELT","BC",19052
"SOUTH FRONTENAC","ON",18906
"LACOMBE","AB",18895
"INGERSOLL","ON",18853
"TABER","AB",18771
"SMITHS FALLS","ON",18755
"SCUGOG","ON",18730
"PRINCE RUPERT","BC",18709
"LLOYDMINSTER (PART)","AB",18678
"POINTE-AUX-TREMBLES","QC",18674
"THOMPSON","MB",18628
"PREVOST","QC",18613
"SEVERN","ON",18535
"SAUGEEN SHORES","ON",18524
"MERCIER","QC",18514
"SUMMERLAND","BC",18476
"HAWKESBURY","ON",18410
"ESTEVAN","SK",18358
"STURGEON COUNTY","AB",18358
"SOUTH BRUCE PENINSULA","ON",18211
"PINCOURT","QC",18092
"NIAGARA-ON-THE-LAKE","ON",17904
"CHESTER","NS",17900
"COLWOOD","BC",17822
"FOOTHILLS COUNTY","AB",17800
"SAINTE-JULIENNE","QC",17774
"AMHERST","NS",17761
"GANDER","NL",17757
"SAINT-FELICIEN","QC",17750
"LAMBTON SHORES","ON",17707
"ROSEMERE","QC",17433
"ARNPRIOR","ON",17326
"SYDNEY","NS",17256
"ESSA","ON",17228
"OAK BAY","BC",17162
"MEAFORD","ON",17103
"BRIGHTON","ON",17068
"L'ILE-PERROT","QC",16988
"GEORGETOWN","ON",16979
"WILMOT","ON",16830
"FARNHAM","QC",16762
"NEW GLASGOW","NS",16749
"ROBERVAL","QC",16738
"SELKIRK","MB",16632
"WEYBURN","SK",16630
"THE BLUE MOUNTAINS","ON",16596
"SAINT-AMABLE","QC",16557
"MARIEVILLE","QC",16506
"SHEDIAC","NB",16436
"NORTH SAANICH","BC",16353
"LINDSAY","ON",16348
"LADYSMITH","BC",16339
"PERTH","ON",16323
"PONT-ROUGE","QC",16213
"TRACADIE","NB",16170
"NORTH GRENVILLE","ON",16122
"COTE SAINT-LUC","QC",16077
"LA MALBAIE","QC",16044
"GREATER NAPANEE","ON",16016
"CAMPBELLTON","NB",15937
"ROTHESAY","NB",15865
"RENFREW","ON",15790
"MUSKOKA LAKES","ON",15698
"PELHAM","ON",15686
"GODERICH","ON",15589
"RAMARA","ON",15546
"LOYALIST","ON",15522
"BRIDGEWATER","NS",15482
"PLESSISVILLE","QC",15444
"CENTRAL SAANICH","BC",15438
"STRATFORD","PE",15438
"MIDDLESEX CENTRE","ON",15294
"OROMOCTO","NB",15287
"WEST NIPISSING / NIPISSING OUEST","ON",15276
"ANCASTER","ON",15022
"HINTON","AB",14974
"COATICOOK","QC",14962
"DIGBY","NS",14939
"CASTLEGAR","BC",14843
"WOODSTOCK","NB",14809
"NOTRE-DAME-DES-PRAIRIES","QC",14783
"KIMBERLEY","BC",14754
"CARIGNAN","QC",14640
"STONEHAM-ET-TEWKESBURY","QC",14575
"MORDEN","MB",14561
"BELLE-BAIE","NB",14450
"TRENT HILLS","ON",14394
"DAUPHIN","MB",14388
"DYSART ET AL","ON",14380
"LES ILES-DE-LA-MADELEINE","QC",14378
"BOIS-DES-FILION","QC",14299
"CONTRECOEUR","QC",14286
"NICOLET","QC",14267
"BRADFORD","ON",14234
"UNIONVILLE","ON",14223
"MOUNTAIN VIEW COUNTY","AB",14217
"TRAIL","BC",14094
"OLDS","AB",14067
"KITIMAT","BC",14064
"WHITECOURT","AB",14026
"PENETANGUISHENE","ON",14021
"CANTLEY","QC",13915
"SAINT-ZOTIQUE","QC",13868
"BAIE-SAINT-PAUL","QC",13822
"BEDFORD","NS",13810
"SPRINGFIELD","MB",13808
"NORTH PERTH","ON",13762
"COLDSTREAM","BC",13741
"TRENTON","ON",13722
"YELLOWHEAD COUNTY","AB",13706
"LOUISEVILLE","QC",13698
"BROWNSBURG-CHATHAM","QC",13694
"ST. CLAIR","ON",13654
"AYLMER","ON",13568
"WARMAN","SK",13553
"MORINVILLE","AB",13534
"TRENT LAKES","ON",13528
"COLCHESTER, SUBD. C","NS",13522
"CHERTSEY","QC",13494
"QUEENS","NS",13418
"CLEARVIEW","ON",13398
"DUNDAS","ON",13395
"NOTRE-DAME-DE-L'ILE-PERROT","QC",13262
"MISSISSIPPI MILLS","ON",13224
"ACTON VALE","QC",13188
"DUNCAN","BC",13163
"HANOVER","ON",13087
"RIDEAU LAKES","ON",13078
"SALTSPRING ISLAND","BC",13030
"KAPUSKASING","ON",13025
"KIRKLAND LAKE","ON",13016
"KENTVILLE","NS",12948
"LA SARRE","QC",12934
"SAINT-REMI","QC",12926
"SOUTH GLENGARRY","ON",12915
"OSOYOOS","BC",12842
"SAINT-CALIXTE","QC",12812
"SEGUIN","ON",12723
"DELSON","QC",12707
"FORT FRANCES","ON",12695
"ROCKY MOUNTAIN HOUSE","AB",12603
"GIMLI","MB",12600
"KINGS, SUBD. B","NS",12548
"SIMCOE","ON",12518
"GEORGIAN BLUFFS","ON",12507
"SOUTH STORMONT","ON",12395
"CONCORD","ON",12381
"MINDEN HILLS","ON",12368
"CENTRAL ELGIN","ON",12344
"SUTTON","QC",12342
"VAL-DES-SOURCES","QC",12340
"INNISFAIL","AB",12313
"SAINT-APOLLINAIRE","QC",12291
"LEDUC COUNTY","AB",12241
"BONNYVILLE","AB",12175
"EDSON","AB",12139
"OUTREMONT","QC",12129
"BLACKFALDS","AB",12110
"CHIBOUGAMAU","QC",12094
"KESWICK","ON",12086
"REVELSTOKE","BC",12064
"L'ANGE-GARDIEN","QC",12051
"SAINT-BRUNO","QC",12044
"NORTHERN BRUCE PENINSULA","ON",12003
"DONNACONA","QC",11990
"RIGAUD","QC",11985
"OTTERBURN PARK","QC",11952
"MARTENSVILLE","SK",11927
"MERRITT","BC",11909
"DRUMHELLER","AB",11873
"HOPE","BC",11853
"DRYDEN","ON",11850
"CHELSEA","QC",11838
"SAINT-DONAT","QC",11820
"CRESTON","BC",11818
"L'EPIPHANIE","QC",11813
"PARRY SOUND","ON",11776
"ERIN","ON",11723
"WAINWRIGHT","AB",11721
"THAMES CENTRE","ON",11720
"COALDALE","AB",11709
"SAINTE-ANNE-DES-MONTS","QC",11685
"CARAQUET","NB",11664
"GRAND-SAULT / GRAND FALLS","NB",11648
"WEST GREY","ON",11630
"GIBSONS","BC",11620
"WEST LINCOLN","ON",11596
"SAINTE-BRIGITTE-DE-LAVAL","QC",11555
"SAINT-FELIX-DE-VALOIS","QC",11543
"SAINT-ADOLPHE-D'HOWARD","QC",11467
"GREY HIGHLANDS","ON",11444
"TAY","ON",11380
"LAC-MEGANTIC","QC",11372
"STEPHENVILLE","NL",11365
"THE NATION / LA NATION","ON",11306
"ANTIGONISH","NS",11286
"FERNIE","BC",11266
"BOLTON","ON",11263
"VANIER","ON",11251
"BOISCHATEL","QC",11237
"LACOMBE COUNTY","AB",11146
"CLARE","NS",11042
"PONOKA","AB",11002
"SHELBURNE","NS",10950
"MONT-JOLI","QC",10924
"LLOYDMINSTER (PART)","SK",10920
"OLIVER","BC",10914
"VAL-DAVID","QC",10888
"LA PECHE","QC",10846
"LA POCATIERE","QC",10844
"DRAYTON VALLEY","AB",10812
"AMQUI","QC",10808
"WELLINGTON NORTH","ON",10724
"LAC STE. ANNE COUNTY","AB",10702
"LABRADOR CITY","NL",10701
"COTEAU-DU-LAC","QC",10602
"MONO","ON",10585
"CLARENVILLE","NL",10582
"LORRAINE","QC",10566
"SHELBURNE","ON",10564
"VIEW ROYAL","BC",10558
"SAINT-PHILIPPE","QC",10558
"CHARLEMAGNE","QC",10473
"PEACE RIVER","AB",10457
"BROCK","ON",10456
"ALLISTON","ON",10422
"GANANOQUE","ON",10406
"RIVIERE-ROUGE","QC",10392
"LAC-BEAUPORT","QC",10389
"SOUTHERN GULF ISLANDS","BC",10368
"BEAUCEVILLE","QC",10359
"SOUTH HURON","ON",10266
"NORWICH","ON",10244
"BROCKTON","ON",10216
"GUELPH/ERAMOSA","ON",10170
"HAMPTON","NB",10168
"ANTIGONISH, SUBD. A","NS",10160
"TORBAY","NL",10147
"COURTICE","ON",10136
"ST. ANDREWS","MB",10130
"BEAUSOLEIL","NB",10110
"CAMROSE COUNTY","AB",10108
"ARGYLE","NS",10104
"ORFORD","QC",10069
"HANOVER","MB",10050
"CAP-ACADIE","NB",10048
"PORT-CARTIER","QC",10023
"PICTOU, SUBD. C","NS",10020
"BLUEWATER","ON",9988
"LEEDS AND THE THOUSAND ISLANDS","ON",9980
"WOLFVILLE","NS",9971
"SHEFFORD","QC",9965
"SMITHERS","BC",9960
"GUYSBOROUGH","NS",9936
"BANCROFT","ON",9932
"PRINCEVILLE","QC",9896
"CHANDLER","QC",9881
"SOUTH DUNDAS","ON",9874
"WATERLOO","QC",9797
"ALEXANDER","MB",9745
"SAINT-JEAN-DE-MATHA","QC",9691
"BERTHIERVILLE","QC",9618
"VEGREVILLE","AB",9587
"DOURO-DUMMER","ON",9583
"PEACHLAND","BC",9557
"NORTH GLENGARRY","ON",9500
"SAINT-PAUL","QC",9496
"SAINT-JOSEPH-DU-LAC","QC",9489
"LLOYDMINSTER","AB",9451
"MORIN-HEIGHTS","QC",9450
"LOWER SACKVILLE","NS",9444
"TEMISCOUATA-SUR-LE-LAC","QC",9418
"CYPRESS COUNTY","AB",9408
"HAPPY VALLEY-GOOSE BAY","NL",9397
"NORTH DUNDAS","ON",9396
"BANFF","AB",9392
"CARLETON NORTH","NB",9378
"CORNWALL","PE",9360
"ALGONQUIN HIGHLANDS","ON",9357
"TEMISKAMING SHORES","ON",9352
"ST. CLEMENTS","MB",9350
"LA BAIE","QC",9332
"COMOX VALLEY A","BC",9308
"WETASKIWIN COUNTY NO. 10","AB",9282
"BARRINGTON","NS",9277
"SAINT-LAMBERT-DE-LAUZON","QC",9248
"WATERDOWN","ON",9236
"IQALUIT","NU",9177
"TANTRAMAR","NB",9168
"BRAZEAU COUNTY","AB",9161
"SUSSEX","NB",9126
"RICHELIEU","QC",9110
"NOTRE-DAME-DU-MONT-CARMEL","QC",9095
"CAPITAL REGION / REGION-DE-LA-CAPITALE","NB",9060
"PUSLINCH","ON",9054
"BELLE RIVER","ON",9024
"LES CEDRES","QC",9003
"PONOKA COUNTY","AB",8989
"SAINT-CESAIRE","QC",8967
"MCMASTERVILLE","QC",8967
"PETROLIA","ON",8961
"WESTLOCK","AB",8944
"BEAUPRE","QC",8941
"KINGS, SUBD. C","NS",8938
"ST. STEPHEN","NB",8936
"NORTH DUMFRIES","ON",8920
"TWEED","ON",8891
"WELLESLEY","ON",8885
"LAC DU BONNET","MB",8856
"THREE RIVERS","PE",8856
"TACHE","MB",8806
"COMOX VALLEY C (PUNTLEDGE - BLACK CREEK)","BC",8720
"ALFRED AND PLANTAGENET","ON",8674
"WINDSOR","QC",8654
"STRATHROY","ON",8644
"SAINT-FERREOL-LES-NEIGES","QC",8641
"TSINSTIKEPTUM 9","BC",8630
"LES COTEAUX","QC",8612
"MONT-BLANC","QC",8608
"STETTLER","AB",8578
"COCHRANE","ON",8564
"SAINT-JOSEPH-DE-BEAUCE","QC",8535
"POINTE-CALUMET","QC",8534
"SHANNON","QC",8531
"INVERMERE","BC",8506
"LAC-BROME","QC",8488
"DEVON","AB",8440
"HURON-KINLOSS","ON",8420
"SLAVE LAKE","AB",8419
"HUMBOLDT","SK",8355
"GRAND FORKS","BC",8331
"SAINT-PIE","QC",8322
"CUMBERLAND, SUBD. C","NS",8320
"GREENFIELD PARK","QC",8315
"DEER LAKE","NL",8306
"HEBERTVILLE","QC",8303
"CAVAN MONAGHAN","ON",8280
"PARIS","ON",8271
"SAINTE-CATHERINE-DE-LA-JACQUES-CARTIER","QC",8220
"HUDSON","QC",8198
"PICTOU, SUBD. A","NS",8176
"LAURENTIAN VALLEY","ON",8148
"SAINTE-MARTINE","QC",8119
"ELIZABETHTOWN-KITLEY","ON",8110
"HIGHLANDS EAST","ON",8108
"WHEATLAND COUNTY","AB",8103
"FERGUS","ON",8102
"GOLDEN","BC",8091
"HURON EAST","ON",8082
"HAMPSTEAD","QC",8074
"REDCLIFF","AB",8063
"BONNYVILLE NO. 87","AB",8058
"CHAMPLAIN","ON",8046
"PLYMPTON-WYOMING","ON",8040
"MANIWAKI","QC",8033
"VERCHERES","QC",7949
"SALISBURY","NB",7943
"WAINFLEET","ON",7922
"LAC-ETCHEMIN","QC",7896
"PIEDMONT","QC",7880
"CENTRAL HURON","ON",7866
"THE PAS","MB",7859
"SAINT-COME","QC",7837
"ADJALA-TOSORONTIO","ON",7802
"EAST ST. PAUL","MB",7794
"ESPANOLA","ON",7793
"VANDERHOOF","BC",7791
"MIRAMICHI RIVER VALLEY","NB",7790
"NORTH KAWARTHA","ON",7788
"LAKE OF BAYS","ON",7782
"ARMSTRONG","BC",7753
"NANAIMO G","BC",7750
"CHATEAU-RICHER","QC",7718
"DRUMMOND/NORTH ELMSLEY","ON",7714
"EASTERN CHARLOTTE","NB",7690
"NIAGARA ON THE LAKE","ON",7688
"STONEWALL","MB",7684
"SAINT-TITE","QC",7654
"LANORAIE","QC",7653
"COWICHAN VALLEY B","BC",7648
"MELFORT","SK",7646
"COOKSHIRE-EATON","QC",7643
"PORTUGAL COVE-ST. PHILIP'S","NL",7634
"MEADOW LAKE","SK",7624
"SAINT-ROCH-DE-L'ACHIGAN","QC",7610
"ANNAPOLIS, SUBD. A","NS",7602
"MONTREAL-EST","QC",7596
"WARWICK","QC",7586
"SAINT-ALPHONSE-RODRIGUEZ","QC",7585
"HANWELL","NB",7554
"PERTH EAST","ON",7546
"CARIBOO L","BC",7516
"SIOUX LOOKOUT","ON",7484
"SAINTE-ANNE-DES-LACS","QC",7478
"ROCKLAND","ON",7478
"STANSTEAD","QC",7461
"EAST KOOTENAY F","BC",7434
"NIVERVILLE","MB",7425
"WEST PERTH","ON",7418
"GRAND BAY-WESTFIELD","NB",7415
"MANOTICK","ON",7387
"NAPANEE","ON",7380
"SAINT-BONIFACE","QC",7356
"PRESCOTT","ON",7349
"GRAND LAKE","NB",7348
"ALGOMA, UNORGANIZED, NORTH PART","ON",7328
"ZORRA","ON",7308
"NANAIMO F","BC",7296
"SAINT-MICHEL-DES-SAINTS","QC",7290
"SAINTE-ANNE-DE-BELLEVUE","QC",7272
"SENNETERRE","QC",7263
"SAINT-ISIDORE","QC",7261
"BECKWITH","ON",7250
"STONE MILLS","ON",7230
"CUMBERLAND, SUBD. B","NS",7218
"SAINT-ALEXIS-DES-MONTS","QC",7214
"CHATSWORTH","ON",7213
"MAPLE HILLS","NB",7194
"SWAN RIVER","MB",7189
"CLEARWATER COUNTY","AB",7182
"HASTINGS HIGHLANDS","ON",7180
"CROWSNEST PASS","AB",7162
"GLACE BAY","NS",7155
"CUMBERLAND, SUBD. D","NS",7132
"MCNAB/BRAESIDE","ON",7101
"TAY VALLEY","ON",7086
"COMOX VALLEY B (LAZO NORTH)","BC",7078
"WHITEWATER REGION","ON",7072
"SOUTHGATE","ON",7072
"WESTLOCK COUNTY","AB",7067
"SPARWOOD","BC",7056
"SAINT-DENIS-DE-BROMPTON","QC",7045
"WEST ST. PAUL","MB",7014
"VERMILION","AB",6977
"MEMRAMCOOK","NB",6976
"CENTRAL FRONTENAC","ON",6974
"BARRHEAD","AB",6956
"LETHBRIDGE COUNTY","AB",6919
"NANAIMO E","BC",6896
"NANAIMO A","BC",6892
"CARBONEAR","NL",6892
"ENDERBY","BC",6882
"MINTO","ON",6880
"METABETCHOUAN-LAC-A-LA-CROIX","QC",6876
"HALIBURTON","ON",6872
"BOWEN ISLAND","BC",6860
"WALLACEBURG","ON",6846
"SAINT-GERMAIN-DE-GRANTHAM","QC",6834
"SAINT-CYRILLE-DE-WENDOVER","QC",6819
"EAST ANGUS","QC",6800
"ST. MARYS","ON",6796
"SICAMOUS","BC",6791
"ROXTON POND","QC",6747
"OTONABEE-SOUTH MONAGHAN","ON",6732
"FUNDY","NB",6726
"SAINT-JACQUES","QC",6715
"EDWARDSBURGH/CARDINAL","ON",6704
"SHIPPAGAN","NB",6702
"SAINT-AGAPIT","QC",6696
"KEMPTVILLE","ON",6696
"DISRAELI","QC",6693
"SAINT-ANDRE-AVELLIN","QC",6691
"HERON BAY / BAIE-DES-HERONS","NB",6666
"MELVILLE","SK",6645
"MONTREAL-OUEST","QC",6644
"CALEDONIA","ON",6619
"LABELLE","QC",6616
"MAPLETON","ON",6616
"DEEP RIVER","ON",6612
"ASHFIELD-COLBORNE-WAWANOSH","ON",6606
"ALDERGROVE","BC",6602
"HAUTES-TERRES","NB",6588
"GEORGIAN BAY","ON",6564
"BEAURIVAGE","NB",6560
"ANTIGONISH, SUBD. B","NS",6556
"CENTRAL YORK","NB",6540
"MACKENZIE COUNTY","AB",6532
"EAST ZORRA-TAVISTOCK","ON",6524
"SPALLUMCHEEN","BC",6521
"SALT SPRING ISLAND","BC",6515
"GREENVIEW NO. 16","AB",6514
"SAINT-AMBROISE-DE-KILDARE","QC",6504
"HEARST","ON",6500
"LAC LA BICHE COUNTY","AB",6494
"CASSELMAN","ON",6490
"VAL-MORIN","QC",6489
"L'ISLET","QC",6487
"ALNWICK/HALDIMAND","ON",6484
"SAINT-ANTONIN","QC",6457
"NEUVILLE","QC",6447
"PICTON","ON",6445
"AUGUSTA","ON",6417
"SAINT-ANSELME","QC",6417
"STELLARTON","NS",6416
"BAY ROBERTS","NL",6402
"PORT ELGIN","ON",6401
"SAINT-AMBROISE","QC",6394
"PORT PERRY","ON",6386
"GRACEFIELD","QC",6385
"COLUMBIA SHUSWAP G","BC",6382
"ORMSTOWN","QC",6379
"NANAIMO B","BC",6378
"TROIS-PISTOLES","QC",6375
"ILE-DE-LAMEQUE","NB",6362
"VICTORIA, SUBD. B","NS",6346
"NEEPAWA","MB",6334
"ALTONA","MB",6332
"INVERNESS, SUBD. A","NS",6322
"DANVILLE","QC",6316
"RITCHOT","MB",6314
"LANARK HIGHLANDS","ON",6306
"SAINT-ETIENNE-DES-GRES","QC",6281
"NEW RICHMOND","QC",6278
"SAINT-MATHIAS-SUR-RICHELIEU","QC",6277
"SAINT-JEAN-PORT-JOLI","QC",6253
"GRAND-BOUCTOUCHE","NB",6246
"IROQUOIS FALLS","ON",6243
"NAPIERVILLE","QC",6241
"PICTOU, SUBD. B","NS",6238
"COLUMBIA SHUSWAP F","BC",6234
"MALAHIDE","ON",6224
"KINDERSLEY","SK",6221
"SUNBURY-YORK SOUTH","NB",6220
"NOMININGUE","QC",6203
"PORT HARDY","BC",6198
"CLARESHOLM","AB",6159
"OKA","QC",6139
"MANDEVILLE","QC",6124
"MINDEN","ON",6122
"NOTRE-DAME-DU-LAUS","QC",6111
"ROSSLAND","BC",6086
"SAINTE-CLAIRE","QC",6078
"EAST KOOTENAY C","BC",6074
"FUNDY ALBERT","NB",6068
"SAINT-ANICET","QC",6064
"WENTWORTH-NORD","QC",6046
"ALBERTON","PE",6036
"BEDFORD","QC",6026
"BLANDFORD-BLENHEIM","ON",6012
"GRENVILLE-SUR-LA-ROUGE","QC",6012
"MACDONALD","MB",6003
"CRABTREE","QC",5991
"SAINT-PASCAL","QC",5943
"ADSTOCK","QC",5930
"CUMBERLAND","BC",5927
"BEAUSEJOUR","MB",5918
"RICHMOND","QC",5914
"CARSTAIRS","AB",5906
"MALARTIC","QC",5903
"PONTIAC","QC",5902
"INVERNESS, SUBD. B","NS",5900
"SAINT-HONORE","QC",5882
"ARRAN-ELDERSLIE","ON",5878
"CRAMAHE","ON",5870
"CARIBOO A","BC",5858
"NEWCASTLE","ON",5848
"SHUNIAH","ON",5826
"KINGS, SUBD. D","NS",5824
"LISTOWEL","ON",5814
"WESTVILLE","NS",5813
"FLIN FLON (PART)","MB",5788
"PINCHER CREEK","AB",5774
"DUNNVILLE","ON",5759
"THUNDER BAY, UNORGANIZED","ON",5758
"DUNHAM","QC",5747
"EASTMAN","QC",5747
"NORTH STORMONT","ON",5746
"PORTNEUF","QC",5738
"CALLANDER","ON",5731
"L'ILE-BIZARD","QC",5721
"BEAMSVILLE","ON",5706
"MADAWASKA VALLEY","ON",5706
"BEAVER COUNTY","AB",5693
"SAINTE-MARGUERITE-DU-LAC-MASSON","QC",5676
"BUTTERNUT VALLEY","NB",5658
"LAC-SUPERIEUR","QC",5655
"SAINT-GABRIEL","QC",5646
"SAINT-HENRI","QC",5640
"PORT HAWKESBURY","NS",5640
"ST. PAUL COUNTY NO. 19","AB",5608
"VIRDEN","MB",5602
"SAINT-QUENTIN","NB",5599
"PRINCETON","BC",5595
"KOOTENAY BOUNDARY E / WEST BOUNDARY","BC",5576
"KLEINBURG","ON",5571
"PICTOU","NS",5566
"SOUTHWEST MIDDLESEX","ON",5552
"HAVRE-SAINT-PIERRE","QC",5548
"HANMER","ON",5542
"MIDDLE SACKVILLE","NS",5542
"BAYHAM","ON",5538
"NIPAWIN","SK",5535
"HUNTINGDON","QC",5531
"CAP-SANTE","QC",5523
"ST. PAUL","AB",5512
"SAINT-DAMIEN","QC",5510
"MARYSTOWN","NL",5478
"SOUTH-WEST OXFORD","ON",5478
"VALCOURT","QC",5475
"LLOYDMINSTER","SK",5467
"HEADINGLEY","MB",5454
"CLERMONT","QC",5442
"NEW GLASGOW","PE",5435
"DEGELIS","QC",5412
"KENT","BC",5400
"DIDSBURY","AB",5377
"WEEDON","QC",5351
"ANGUS","ON",5349
"SAINT-GABRIEL-DE-BRANDON","QC",5341
"LAKE COWICHAN","BC",5328
"FORESTVILLE","QC",5319
"ANNAPOLIS, SUBD. C","NS",5312
"CARIBOO G","BC",5306
"LAC-DES-ECORCES","QC",5304
"CARLETON-SUR-MER","QC",5298
"MACKENZIE","BC",5279
"NORTH MIDDLESEX","ON",5278
"NANAIMO H","BC",5274
"FOOTHILLS","AB",5271
"GORE","QC",5255
"MARMORA AND LAKE","ON",5242
"THURSO","QC",5237
"ALMONTE","ON",5236
"SAINTE-ANNE-DE-BEAUPRE","QC",5229
"MCDOUGALL","ON",5225
"ANNAPOLIS, SUBD. B","NS",5220
"STANLEY","MB",5218
"ELMIRA","ON",5211
"HIGH LEVEL","AB",5203
"CARMAN","MB",5199
"LANTZVILLE","BC",5188
"FERMONT","QC",5186
"PASADENA","NL",5180
"ARCADIA","NB",5160
"SAINT-SULPICE","QC",5139
"PASPEBIAC","QC",5136
"BLIND RIVER","ON",5126
"SAINT-COME-LINIERE","QC",5120
"NORTH FRONTENAC","ON",5116
"CAP-SAINT-IGNACE","QC",5109
"SAINT-MARC-DES-CARRIERES","QC",5097
"STE. ANNE","MB",5090
"CHAMPDORE","NB",5090
"SOUTHWOLD","ON",5088
"SAINT-DONAT-DE-MONTCALM","QC",5077
"SUNDRE","AB",5074
"CHELMSFORD","ON",5073
"ACTON","ON",5061
"SAINTE-MELANIE","QC",5060
"ATHABASCA","AB",5057
"SAINT-THOMAS","QC",5038
"OLIVER PAIPOONGE","ON",5034
"CARDSTON","AB",5033
"TOTTENHAM","ON",5030
"CENTRAL KOOTENAY H","BC",5026
"STURGEON FALLS","ON",5014
"PEACE RIVER C","BC",4990
"RICHMOND, SUBD. A","NS",4988
"SOURIS","PE",4961
"ELKFORD","BC",4957
"SAINT-ANDRE-D'ARGENTEUIL","QC",4953
"BONAVENTURE","QC",4953
"FUNDY-ST. MARTINS","NB",4950
"HOUSTON","BC",4948
"LA MINERVE","QC",4944
"GREATER MADAWASKA","ON",4925
"GREATER MIRAMICHI / GRAND-MIRAMICHI","NB",4924
"SAINT-MATHIEU-DE-BELOEIL","QC",4923
"COLCHESTER, SUBD. A","NS",4922
"SOUTH BRUCE","ON",4918
"HEMMINGFORD","QC",4915
"JUAN DE FUCA (PART 1)","BC",4902
"PERCE","QC",4901
"HAVELOCK-BELMONT-METHUEN","ON",4896
"FORT MACLEOD","AB",4892
"POHENEGAMOOK","QC",4884
"GRANDE-RIVIERE","QC",4883
"SAINTE-LUCE","QC",4883
"HAUT-MADAWASKA","NB",4876
"VERMILION RIVER COUNTY","AB",4874
"O'LEARY","PE",4872
"NEW MARYLAND","NB",4872
"COMPTON","QC",4871
"WEST ELGIN","ON",4868
"LEWISPORTE","NL",4866
"GRAND VALLEY","ON",4856
"BONAVISTA","NL",4849
"NORMANDIN","QC",4842
"FERME-NEUVE","QC",4812
"THE ARCHIPELAGO","ON",4809
"VALLEY WATERS","NB",4800
"BULKLEY-NECHAKO A","BC",4792
"SAINT ANDREWS","NB",4785
"LA BROQUERIE","MB",4782
"SAANICHTON","BC",4759
"KINGS","NB",4758
"COWICHAN VALLEY C","BC",4754
"POWASSAN","ON",4746
"MORRIS","MB",4746
"RED LAKE","ON",4740
"SAINT-MAURICE","QC",4728
"AMHERST","QC",4718
"MULMUR","ON",4716
"BINBROOK","ON",4712
"CHASE","BC",4710
"JASPER","AB",4698
"HANNA","AB",4696
"VILLE-MARIE","QC",4691
"HAY RIVER","NT",4686
"LUCAN BIDDULPH","ON",4684
"BATTLEFORD","SK",4683
"BAIE-D'URFE","QC",4683
"TUMBLER RIDGE","BC",4682
"SAINT-GILLES","QC",4678
"SAINTE-THECLE","QC",4675
"CENTRE HASTINGS","ON",4674
"ASPHODEL-NORWOOD","ON",4670
"MADOC","ON",4651
"AUSTIN","QC",4646
"TSAWWASSEN","BC",4644
"PEMBERTON","BC",4643
"FONTHILL","ON",4638
"MARIA","QC",4627
"NORTH HURON","ON",4624
"NASHWAAK","NB",4620
"GRAND MANAN","NB",4614
"CENTRAL KOOTENAY E","BC",4606
"NORTH OKANAGAN F","BC",4604
"BONNECHERE VALLEY","ON",4592
"LAURIER-STATION","QC",4591
"MARATHON","ON",4583
"TIGNISH","PE",4577
"BLENHEIM","ON",4573
"TEMISCAMING","QC",4569
"GREENSTONE","ON",4566
"SAINTE-CATHERINE-DE-HATLEY","QC",4559
"WINNIPEG BEACH","MB",4552
"ASCOT CORNER","QC",4548
"RIVERE-DU-NORD","NB",4546
"NEW LISKEARD","ON",4543
"PORT DOVER","ON",4534
"BEAUMONT","QC",4531
"SUNSHINE COAST A","BC",4528
"SAINT-DAVID-DE-FALARDEAU","QC",4524
"SAINTE-CROIX","QC",4519
"INVERNESS, SUBD. C","NS",4508
"SAINT-BASILE","QC",4499
"SAINT-JEAN-BAPTISTE","QC",4498
"STIRLING-RAWDON","ON",4498
"CLEARWATER","BC",4495
"HARTLAND","NB",4494
"HOLLAND LANDING","ON",4488
"SAINT-GABRIEL-DE-VALCARTIER","QC",4488
"MCKELLAR","ON",4479
"SAINTE-MADELEINE","QC",4475
"NORTH SHORE","PE",4460
"EMBRUN","ON",4458
"MAGNETAWAN","ON",4446
"OKANAGAN (PART) 1","BC",4438
"ATHENS","ON",4430
"SAINT-ALPHONSE-DE-GRANBY","QC",4423
"AMARANTH","ON",4422
"PENHOLD","AB",4418
"ATIKOKAN","ON",4416
"VULCAN","AB",4405
"SAINTE-BEATRIX","QC",4378
"TRENTON","NS",4374
"SAINT-PROSPER","QC",4360
"EAST FERRIS","ON",4360
"POTTON","QC",4358
"DIAMOND VALLEY","AB",4358
"OKANAGAN-SIMILKAMEEN D","BC",4358
"VALLEE-DES-RIVIERES","NB",4356
"VENISE-EN-QUEBEC","QC",4348
"NEW HAMBURG","ON",4329
"CENTRAL KOOTENAY B","BC",4316
"CUMBERLAND, SUBD. A","NS",4314
"SAINT-MICHEL","QC",4308
"SAINT-PRIME","QC",4305
"SAINT-RAPHAEL","QC",4294
"SCOTT","QC",4290
"ELORA","ON",4282
"KAMLOOPS 1","BC",4282
"BOTWOOD","NL",4281
"COLUMBIA SHUSWAP C","BC",4276
"FOSSAMBAULT-SUR-LE-LAC","QC",4273
"MOUNT HOPE","ON",4266
"KEREMEOS","BC",4258
"COWICHAN VALLEY A","BC",4254
"SAINT-CHRISTOPHE-D'ARTHABASKA","QC",4243
"CHALEUR","NB",4234
"SAINT-ELZEAR","QC",4232
"LACOLLE","QC",4230
"NORTH OKANAGAN C","BC",4228
"CARIBOO F","BC",4228
"RIDGEWAY","ON",4225
"COLUMBIA SHUSWAP A","BC",4220
"BLUE MOUNTAINS","ON",4217
"STOKE","QC",4212
"ST MARYS","ON",4174
"SAINTE-ANNE-DE-SOREL","QC",4173
"HAMMONDS PLAINS","NS",4167
"KENT","NB",4164
"HARRINGTON","QC",4164
"PAPINEAUVILLE","QC",4156
"PEACE RIVER D","BC",4148
"SAINT-GEDEON","QC",4147
"MINNEDOSA","MB",4146
"SPRINGDALE","NL",4140
"SAINT-ELIE-DE-CAXTON","QC",4131
"EASTERN PASSAGE","NS",4126
"SAINT-LEONARD-D'ASTON","QC",4125
"YAMACHICHE","QC",4117
"STE-CATHERINE-DE-LA-J-CARTIER","QC",4111
"BEAVERLODGE","AB",4103
"SOUTHWEST / SUD-OUEST","NB",4100
"MAHONE BAY","NS",4098
"CHAMBORD","QC",4098
"SAINT-ROCH-DE-RICHELIEU","QC",4098
"ROUGEMONT","QC",4098
"SOUTHAMPTON","ON",4096
"THOMPSON-NICOLA P (RIVERS AND THE PEAKS)","BC",4092
"CENTRAL KOOTENAY F","BC",4086
"KING CITY","ON",4085
"CENTRAL OKANAGAN WEST","BC",4084
"ANNAPOLIS, SUBD. D","NS",4084
"SAINT-MARTIN","QC",4073
"MOUNT FOREST","ON",4064
"CAP-CHAT","QC",4063
"SAINT-FERDINAND","QC",4059
"CARIBOO B","BC",4048
"SAINT-VICTOR","QC",4044
"HARVEY","NB",4040
"NACKAWIC-MILLVILLE","NB",4040
"SAINT-ZENON","QC",4039
"MONT-SAINT-GREGOIRE","QC",4038
"DAVELUYVILLE","QC",4031
"SAINT-PAMPHILE","QC",4025
"WESTBANK","BC",4020
"FIVE RIVERS","NB",4018
"THREE RIVERS","NB",4014
"OKANAGAN-SIMILKAMEEN C","BC",4010
"EAST ST PAUL","MB",4005
"CAUSAPSCAL","QC",4004
"RIMBEY","AB",4000
"SAINT-SIMEON","QC",4000
"MISTISSINI","QC",3990
"LUMBY","BC",3981
"CROSSFIELD","AB",3974
"FAIRVIEW","AB",3960
"TISDALE","SK",3958
"ALNWICK","NB",3956
"SAINT-PAUL-D'ABBOTSFORD","QC",3950
"WAWA","ON",3948
"FRENCH RIVER / RIVIERE DES FRANCAIS","ON",3944
"PIERREVILLE","QC",3938
"GREELY","ON",3935
"BURNS LAKE","BC",3929
"SAINT-EPHREM-DE-BEAUCE","QC",3912
"VICTORIA, SUBD. A","NS",3910
"LEBEL-SUR-QUEVILLON","QC",3893
"SAINTE-EMELIE-DE-L'ENERGIE","QC",3891
"SAINT-DAMASE","QC",3888
"SAINT-CHRYSOSTOME","QC",3888
"KENSINGTON","PE",3885
"SAINT-DOMINIQUE","QC",3882
"LA CONCEPTION","QC",3879
"LAMBTON","QC",3878
"SAINT-LOUIS-DE-GONZAGUE","QC",3860
"COWICHAN VALLEY E","BC",3854
"SAINT-PAUL-DE-L'ILE-AUX-NOIX","QC",3849
"HARROW","ON",3849
"SAINT-MATHIEU-DU-PARC","QC",3847
"STRATHCONA D (OYSTER BAY - BUTTLE LAKE)","BC",3846
"WEST RIVER","PE",3838
"FRASER-FORT GEORGE D","BC",3832
"KITIMAT-STIKINE E","BC",3826
"CARIBOO E","BC",3824
"MACAMIC","QC",3822
"PORTUGAL COVE-ST PHILIPS","NL",3820
"MATTAWA","ON",3816
"METCHOSIN","BC",3814
"ESTERHAZY","SK",3809
"BERWICK","NS",3804
"CARP","ON",3800
"COLUMBIA SHUSWAP D","BC",3798
"ROCKWOOD","MB",3794
"WOODLANDS COUNTY","AB",3792
"CHETWYND","BC",3791
"NOTRE-DAME-DE-LA-MERCI","QC",3789
"SAINTE-VICTOIRE-DE-SOREL","QC",3788
"MASKINONGE","QC",3785
"SAINT-LIBOIRE","QC",3774
"HINCHINBROOKE","QC",3763
"DELHI","ON",3763
"NOTRE-DAME-DE-LOURDES","QC",3762
"CORUNNA","ON",3761
"SAINT-JOSEPH-DE-COLERAINE","QC",3749
"NANTON","AB",3740
"SAINTE-ANNE-DE-LA-PERADE","QC",3738
"ST ANDREWS","MB",3734
"BOIS-JOLI","NB",3732
"SUNSHINE COAST E","BC",3732
"FENELON FALLS","ON",3731
"SUNSHINE COAST D","BC",3718
"ST. MARY'S","NS",3718
"SAINT-CHARLES-DE-BELLECHASSE","QC",3715
"LAC-AUX-SABLES","QC",3713
"HATLEY","QC",3709
"AMHERSTVIEW","ON",3702
"ANGE-GARDIEN","QC",3681
"SAINT-BERNARD","QC",3662
"DUTTON/DUNWICH","ON",3662
"MOOSOMIN","SK",3660
"COLDWATER","ON",3659
"NEEBING","ON",3656
"CALEDON EAST","ON",3655
"SMITHVILLE","ON",3652
"WHITE CITY","SK",3643
"MESSINES","QC",3638
"ATHABASCA COUNTY","AB",3636
"FLAGSTAFF COUNTY","AB",3628
"GRIMSHAW","AB",3616
"HIGH PRAIRIE","AB",3608
"WENDAKE","QC",3605
"PARRY SOUND, UNORGANIZED, CENTRE PART","ON",3600
"TYENDINAGA","ON",3598
"NORTH ALGONA WILBERFORCE","ON",3596
"LA PRESENTATION","QC",3589
"LILLOOET","BC",3585
"KNEEHILL COUNTY","AB",3578
"RIVIERE-BEAUDETTE","QC",3576
"HAGERSVILLE","ON",3570
"NEWELL COUNTY","AB",3562
"SAINT-BARTHELEMY","QC",3559
"LERY","QC",3553
"LOGAN LAKE","BC",3551
"NORTHERN ROCKIES","BC",3550
"POINT EDWARD","ON",3550
"BRISTOL","QC",3545
"CAPLAN","QC",3543
"WICKHAM","QC",3525
"PORT MCNEILL","BC",3525
"WEST ST PAUL","MB",3524
"SUNSHINE COAST B","BC",3524
"OKANAGAN-SIMILKAMEEN H","BC",3516
"NANOOSE BAY","BC",3502
"COUNTY OF GRANDE PRAIRIE NO. 1","AB",3496
"DESERONTO","ON",3495
"MASHTEUIATSH","QC",3486
"SAINT-FULGENCE","QC",3480
"NORTHWEST / NORD-OUEST","NB",3480
"SAINT-FRANCOIS-DU-LAC","QC",3478
"SAINT-UBALDE","QC",3474
"ENTRELACS","QC",3472
"CLINTON","ON",3464
"SAINT-DENIS-SUR-RICHELIEU","QC",3447
"SAINT-DAMIEN-DE-BUCKLAND","QC",3444
"ROCKWOOD","ON",3439
"FRASER-FORT GEORGE A","BC",3438
"THREE HILLS","AB",3438
"L'ASCENSION-DE-NOTRE-SEIGNEUR","QC",3437
"VALLEE-JONCTION","QC",3433
"MONTAGUE","ON",3430
"SAINT-POLYCARPE","QC",3429
"RICHMOND","ON",3429
"MAPLE CREEK","SK",3417
"BULKLEY-NECHAKO F","BC",3416
"GARSON","ON",3411
"ADDINGTON HIGHLANDS","ON",3404
"CHANNEL-PORT AUX BASQUES","NL",3404
"HANNON","ON",3404
"TOBIQUE VALLEY","NB",3402
"SACKVILLE","NB",3396
"HOLYROOD","NL",3391
"SAINTE-LUCIE-DES-LAURENTIDES","QC",3389
"ROSETOWN","SK",3389
"BRIGHAM","QC",3386
"SAINT-ALEXANDRE-DE-KAMOURASKA","QC",3386
"BARRAUTE","QC",3385
"GRAND BANK","NL",3381
"SAINT-IGNACE-DE-LOYOLA","QC",3380
"COALHURST","AB",3377
"EAST BROUGHTON","QC",3363
"PORT CARLING","ON",3362
"BIG LAKES COUNTY","AB",3352
"CACOUNA","QC",3350
"VICTORIA BEACH","MB",3346
"WATERVILLE","QC",3345
"HARBOUR GRACE","NL",3343
"LIVELY","ON",3340
"HORTON","ON",3333
"LES ESCOUMINS","QC",3331
"DUDSWELL","QC",3324
"CENTRAL OKANAGAN","BC",3324
"RIPON","QC",3323
"SAINTE-MARCELLINE-DE-KILDARE","QC",3318
"MIDDLETON","NS",3317
"SAINTE-BARBE","QC",3310
"LA GUADELOUPE","QC",3310
"SAINT-FABIEN","QC",3310
"VAL CARON","ON",3309
"CENTRAL KOOTENAY J","BC",3308
"NOUVELLE-ARCADIE","NB",3302
"RICHMOND, SUBD. C","NS",3296
"LAKELAND RIDGES","NB",3292
"FRUITVALE","BC",3288
"WILLOW CREEK NO. 26","AB",3286
"DELEAGE","QC",3286
"ASSINIBOIA","SK",3282
"SHAWVILLE","QC",3279
"KEARNEY","ON",3267
"GRENVILLE","QC",3261
"GIBBONS","AB",3260
"KOOTENAY BOUNDARY D / RURAL GRAND FORKS","BC",3260
"MELANCTHON","ON",3257
"SAINT-STANISLAS-DE-KOSTKA","QC",3246
"NAKUSP","BC",3246
"SAINT-ESPRIT","QC",3241
"SAINTE-PERPETUE","QC",3240
"COWICHAN VALLEY D","BC",3236
"LEMOYNE","QC",3233
"SAINT-GEDEON-DE-BEAUCE","QC",3231
"RADIUM HOT SPRINGS","BC",3224
"CAMPBELLFORD","ON",3223
"COBBLE HILL","BC",3218
"TOFINO","BC",3216
"ALBANEL","QC",3213
"ST PAUL","AB",3210
"HARRISON HOT SPRINGS","BC",3205
"BISHOP'S FALLS","NL",3188
"KENORA, UNORGANIZED","ON",3186
"NEW WATERFORD","NS",3180
"SABLES-SPANISH RIVERS","ON",3180
"TIMBERLEA","NS",3178
"FRASER-FORT GEORGE C","BC",3170
"KILLALOE, HAGARTY AND RICHARDS","ON",3170
"KITIMAT-STIKINE C (PART 1)","BC",3162
"CANORA","SK",3160
"LAC-SIMON","QC",3150
"TWILLINGATE","NL",3150
"OTTER LAKE","QC",3148
"UCLUELET","BC",3146
"MARKDALE","ON",3139
"BELFAST","PE",3136
"PERRY","ON",3130
"UPTON","QC",3129
"MARMORA","ON",3122
"MANITOUWADGE","ON",3116
"L'ANSE-SAINT-JEAN","QC",3116
"MILLE-ISLES","QC",3114
"PLACENTIA","NL",3111
"KEDGWICK","NB",3110
"LA RONGE","SK",3109
"CHISASIBI","QC",3108
"KILLARNEY - TURTLE MOUNTAIN","MB",3104
"SAINT-CUTHBERT","QC",3097
"AGASSIZ","BC",3089
"SAINT-LUCIEN","QC",3082
"AYR","ON",3078
"DORCHESTER","ON",3075
"UNITY","SK",3072
"LES EBOULEMENTS","QC",3072
"NORTH SYDNEY","NS",3072
"BRENTWOOD BAY","BC",3068
"YAMASKA","QC",3065
"BIGGAR","SK",3063
"EAST HAWKESBURY","ON",3060
"NOTRE-DAME-DU-BON-CONSEIL","QC",3060
"NEW LONDON","PE",3059
"BOW ISLAND","AB",3050
"THOMPSON-NICOLA L (GRASSLANDS)","BC",3050
"CHAMPLAIN","QC",3048
"KINKORA","PE",3045
"SAYABEC","QC",3044
"MONTPELLIER","QC",3038
"SYDNEY MINES","NS",3036
"STRAIT SHORES","NB",3032
"WARWICK","ON",3032
"BEAVERTON","ON",3031
"BONFIELD","ON",3028
"STIRLING","ON",3027
"OUTLOOK","SK",3025
"CHEMAINUS","BC",3016
"SHAUNAVON","SK",3012
"LATERRIERE","QC",3012
"GRAND-SAULT/GRAND FALLS","NB",3011
"MILLET","AB",3010
"BEAVER BANK","NS",3008
"EAST GARAFRAXA","ON",3005
"ROBLIN","MB",3005
"WESTERN VALLEY / VALLEE-DE-L'OUEST","NB",3002
"LAC-BOUCHETTE","QC",2998
"SAINT-ULRIC","QC",2994
"SAINT-OURS","QC",2994
"FLIN FLON","MB",2986
"SAINT-LIGUORI","QC",2979
"PROVOST","AB",2978
"SAINT-MALACHIE","QC",2972
"MOUNT ALBERT","ON",2969
"GABRIOLA","BC",2966
"SUTTON WEST","ON",2965
"CARLING","ON",2958
"SAINT-HONORE-DE-CHICOUTIMI","QC",2954
"NOUVELLE","QC",2947
"PETITE-RIVIERE-SAINT-FRANCOIS","QC",2946
"SAINT-GERVAIS","QC",2945
"SEXSMITH","AB",2941
"SOUTHERN VICTORIA","NB",2940
"STRATFORD","QC",2936
"ARDROSSAN","AB",2932
"POINTE-LEBEL","QC",2929
"SAINT-ZACHARIE","QC",2924
"CARBERRY","MB",2923
"BOLTON-EST","QC",2920
"BERTHIER-SUR-MER","QC",2919
"SAINT-NARCISSE","QC",2919
"TRACADIE-SHEILA","NB",2918
"SAINT-JOSEPH-DE-SOREL","QC",2916
"STAYNER","ON",2911
"KINGSEY FALLS","QC",2906
"NOTRE-DAME-DES-PINS","QC",2903
"DUHAMEL","QC",2901
"WELLINGTON","PE",2899
"BRECHIN","ON",2898
"NOTRE-DAME-DES-BOIS","QC",2898
"SAINT-ANACLET-DE-LESSARD","QC",2898
"SAINT-MICHEL-DE-BELLECHASSE","QC",2897
"CARIBOO D","BC",2892
"SAINT-BLAISE-SUR-RICHELIEU","QC",2892
"FRONTENAC","QC",2890
"DAWSON","YT",2890
"NORTH OKANAGAN B","BC",2888
"SAINT-PLACIDE","QC",2887
"BURIN","NL",2881
"CENTRAL KOOTENAY A","BC",2878
"MATAGAMI","QC",2873
"BIBLE HILL","NS",2873
"INDIAN HEAD","SK",2873
"SUNSHINE COAST F","BC",2872
"MERRICKVILLE-WOLFORD","ON",2868
"SAINTE-JUSTINE","QC",2868
"FRANKFORD","ON",2867
"SAINT-TITE-DES-CAPS","QC",2866
"WHITESTONE","ON",2862
"WAINWRIGHT NO. 61","AB",2862
"SAINTE-CECILE-DE-MILTON","QC",2861
"LAC-SAINTE-MARIE","QC",2841
"SAINT-AUBERT","QC",2837
"CENTRAL MANITOULIN","ON",2836
"PERTH SOUTH","ON",2832
"STE-MARGUERITE-DU-LAC-MASSON","QC",2827
"SHAWNIGAN LAKE","BC",2826
"SAINT-ANTOINE-DE-TILLY","QC",2824
"SAINT-MARC-SUR-RICHELIEU","QC",2822
"SAINT-HENRI-DE-LEVIS","QC",2817
"CHAPLEAU","ON",2816
"LISTUGUJ","QC",2816
"NORTHEASTERN MANITOULIN AND THE ISLANDS","ON",2814
"SAINTE-FELICITE","QC",2812
"BARRIERE","BC",2802
"LAURENTIAN HILLS","ON",2802
"FORT ST. JAMES","BC",2799
"SAINTE-CLOTILDE-DE-HORTON","QC",2799
"EXETER","ON",2798
"MISCOUCHE","PE",2787
"100 MILE HOUSE","BC",2786
"KAZABAZUA","QC",2776
"PORT-DANIEL-GASCONS","QC",2772
"CHUTE-SAINT-PHILIPPE","QC",2769
"LA MACAZA","QC",2764
"VAL-DES-BOIS","QC",2762
"KOMOKA","ON",2761
"ALBERNI-CLAYOQUOT E","BC",2760
"SAINT-PAULIN","QC",2759
"LOW","QC",2758
"HOWICK","ON",2758
"KUUJJUAQ","QC",2757
"GOULDS","NL",2757
"ESKASONI 3","NS",2752
"OKANAGAN-SIMILKAMEEN G","BC",2748
"SAINT-BENOIT-LABRE","QC",2747
"LANTIER","QC",2746
"HAVELOCK","ON",2742
"LAROUCHE","QC",2741
"MORELL","PE",2738
"NIPISSING","ON",2736
"MITCHELL","ON",2733
"PILOT BUTTE","SK",2727
"RHINELAND","MB",2724
"GLOVERTOWN","NL",2723
"FALL RIVER","NS",2720
"ALEXANDRIA","ON",2720
"SAINTE-HELENE-DE-BAGOT","QC",2715
"PEACE RIVER B","BC",2714
"MORRIS-TURNBERRY","ON",2708
"WALKERTON","ON",2704
"SADDLE HILLS COUNTY","AB",2701
"ALBERNI-CLAYOQUOT D","BC",2688
"BEAULAC-GARTHBY","QC",2684
"RICHMOND, SUBD. B","NS",2680
"ROXTON FALLS","QC",2679
"WATERFORD","ON",2674
"LYSTER","QC",2673
"ALBERTA BEACH","AB",2668
"BELLEDUNE","NB",2661
"LAKEFIELD","ON",2658
"BLAIRMORE","AB",2657
"NOTRE-DAME-DES-NEIGES","QC",2657
"SAINT-JACQUES-LE-MINEUR","QC",2655
"NOTRE-DAME-DE-PONTMAIN","QC",2655
"RACINE","QC",2652
"NOYAN","QC",2651
"SAINT-JEAN-DE-DIEU","QC",2649
"REDWATER","AB",2649
"AYER'S CLIFF","QC",2644
"CALMAR","AB",2644
"WYNYARD","SK",2641
"FRONT OF YONGE","ON",2638
"WEMBLEY","AB",2635
"GRAND BEND","ON",2635
"TZEACHTEN 13","BC",2632
"SUN PEAKS MOUNTAIN","BC",2632
"SAINT-CASIMIR","QC",2631
"BOBCAYGEON","ON",2625
"TERRASSE-VAUDREUIL","QC",2622
"NEW MINAS","NS",2619
"ENGLEHART","ON",2619
"NORTH OKANAGAN D","BC",2616
"SAINTE-MARIE-MADELEINE","QC",2598
"THESSALON","ON",2589
"DESCHAMBAULT-GRONDINES","QC",2588
"KIPPENS","NL",2587
"WATROUS","SK",2585
"VAL-DES-LACS","QC",2583
"BARRYS BAY","ON",2583
"EAST RIVER, PART 1","PE",2580
"LAMONT COUNTY","AB",2578
"SAINT-ROBERT","QC",2577
"MAGRATH","AB",2573
"SAINT-FELIX-D'OTIS","QC",2559
"CENTRAL KOOTENAY I","BC",2558
"ASHCROFT","BC",2558
"NANAIMO C","BC",2550
"FENWICK","ON",2550
"STEWIACKE","NS",2544
"PRICE","QC",2541
"LABRECQUE","QC",2539
"KNOWLTON","QC",2537
"ARMAGH","QC",2537
"CORMAN PARK NO. 344","SK",2536
"COWICHAN VALLEY H","BC",2536
"NIPIGON","ON",2535
"RIVIERE-BLEUE","QC",2535
"SUNDRIDGE","ON",2534
"MANSFIELD-ET-PONTEFRACT","QC",2532
"SAINT-PACOME","QC",2527
"DUCK LAKE 7","BC",2524
"WENTWORTH","QC",2524
"FARADAY","ON",2520
"LESSER SLAVE RIVER NO. 124","AB",2512
"SOUTH RIVER","ON",2505
"SAINT-CHARLES-SUR-RICHELIEU","QC",2501
"SIX NATIONS (PART) 40","ON",2500
"KENSINGTON, PART 1","PE",2500
"SAINT-FELIX-DE-KINGSEY","QC",2499
"VULCAN COUNTY","AB",2496
"ANMORE","BC",2492
"SAINT-BERNARD-DE-LACOLLE","QC",2489
"SAINTE-ANGELE-DE-MONNOIR","QC",2489
"KAMSACK","SK",2484
"SAINT-ALBAN","QC",2483
"MAYERTHORPE","AB",2478
"CORNWALLIS","MB",2476
"WINGHAM","ON",2475
"NEGUAC","NB",2471
"QATHET C","BC",2470
"OXFORD","NS",2470
"EAST KOOTENAY B","BC",2468
"ADELAIDE-METCALFE","ON",2466
"ENFIELD","NS",2464
"ST STEPHEN","NB",2464
"BATH","ON",2463
"ADMASTON/BROMLEY","ON",2454
"THORNBURY","ON",2451
"MARKSTAY-WARREN","ON",2450
"SAINT-CLET","QC",2449
"SMOKY LAKE COUNTY","AB",2448
"TOFIELD","AB",2447
"TILBURY","ON",2443
"OKANAGAN-SIMILKAMEEN I","BC",2442
"FLATROCK","NL",2437
"SAINT-FRANCOIS-XAVIER-DE-BROMPTON","QC",2434
"POUCH COVE","NL",2431
"VICTORIA HARBOUR","ON",2429
"SAINTE-HENEDINE","QC",2427
"CLARENCEVILLE","QC",2425
"POINTE-A-LA-CROIX","QC",2425
"GRAND-REMOUS","QC",2424
"SAINT-CYPRIEN-DE-NAPIERVILLE","QC",2421
"L'ASCENSION","QC",2421
"KIRKFIELD","ON",2421
"FOX CREEK","AB",2419
"SAINT-ANTOINE-SUR-RICHELIEU","QC",2418
"ROXBORO","QC",2418
"HENRYVILLE","QC",2417
"PICTURE BUTTE","AB",2417
"TINGWICK","QC",2416
"KOOTENAY BOUNDARY C / CHRISTINA LAKE","BC",2414
"SAINT-CYPRIEN","QC",2413
"TRING-JONCTION","QC",2413
"ELMVALE","ON",2412
"ENNISMORE","ON",2411
"BLUE SEA","QC",2409
"LA DORE","QC",2408
"STE ANNE","MB",2408
"HURON SHORES","ON",2406
"UPPER MIRAMICHI","NB",2406
"VALLEYVIEW","AB",2406
"POINTE-DES-CASCADES","QC",2406
"OAKBANK","MB",2405
"SAINT-FLAVIEN","QC",2404
"EAST KOOTENAY A","BC",2400
"SAINT-AIME-DES-LACS","QC",2399
"MOUNT UNIACKE","NS",2395
"NEW CARLISLE","QC",2394
"ILDERTON","ON",2389
"L'ISLE-AUX-ALLUMETTES","QC",2388
"CHAPAIS","QC",2388
"PINAWA","MB",2387
"HEROUXVILLE","QC",2382
"MONT-CARMEL","QC",2378
"NOTRE-DAME-DU-PORTAGE","QC",2373
"OMEMEE","ON",2369
"WOTTON","QC",2367
"RUSSELL-BINSCARTH","MB",2364
"FORT QU'APPELLE","SK",2363
"PEFFERLAW","ON",2362
"VAL-JOLI","QC",2353
"NANTES","QC",2347
"WABUSH","NL",2343
"BERESFORD","NB",2341
"BADEN","ON",2340
"RIVIERE-HEVA","QC",2338
"AZILDA","ON",2337
"WIKWEMIKONG UNCEDED","ON",2332
"GAMBO","NL",2331
"FRANKLIN","QC",2330
"OKANAGAN-SIMILKAMEEN A","BC",2330
"STETTLER COUNTY NO. 6","AB",2328
"SAINT-LEON-LE-GRAND","QC",2327
"EGANVILLE","ON",2322
"COWICHAN VALLEY G","BC",2320
"BOYLE","AB",2320
"CHUTE-AUX-OUTARDES","QC",2313
"FRAMPTON","QC",2313
"VERNON RIVER","PE",2312
"SAUGEEN 29","ON",2312
"TELKWA","BC",2307
"OKANAGAN-SIMILKAMEEN E","BC",2306
"SAINTE-URSULE","QC",2301
"FLESHERTON","ON",2299
"THOMPSON-NICOLA E (BONAPARTE PLATEAU)","BC",2298
"BASSANO","AB",2296
"FUNDY SHORES","NB",2294
"COLUMBIA SHUSWAP E","BC",2294
"NOTRE-DAME-DE-MONTAUBAN","QC",2293
"MOUNT BRYDGES","ON",2290
"SAINT-HONORE-DE-SHENLEY","QC",2289
"FRONTENAC ISLANDS","ON",2284
"SAINT-ALBERT","QC",2283
"BRESLAU","ON",2281
"ENNISKILLEN","ON",2276
"NOTRE-DAME-DU-NORD","QC",2269
"NOBLETON","ON",2266
"RAGUENEAU","QC",2262
"L'ISLE-VERTE","QC",2262
"BLACK RIVER-MATHESON","ON",2260
"CLEVELAND","QC",2259
"SAINT-GUILLAUME","QC",2257
"FALARDEAU","QC",2257
"PORT STANLEY","ON",2244
"MOONBEAM","ON",2243
"BEETON","ON",2242
"MASSEY DRIVE","NL",2240
"RESTIGOUCHE","NB",2228
"SAINT-MATHIEU","QC",2218
"WINCHESTER","ON",2218
"SCHOMBERG","ON",2209
"SAINTE-GENEVIEVE","QC",2207
"THORHILD COUNTY","AB",2206
"CENTRAL KOOTENAY K","BC",2204
"TERRACE BAY","ON",2199
"PINEY","MB",2195
"LANGDON","AB",2192
"LAC-DES-PLAGES","QC",2186
"BURRARD INLET 3","BC",2186
"PORT SEVERN","ON",2186
"SAINT-ALEXANDRE","QC",2182
"COWICHAN VALLEY I","BC",2182
"SAINT-HUBERT-DE-RIVIERE-DU-LOUP","QC",2182
"MANSONVILLE","QC",2180
"POINTE-AUX-OUTARDES","QC",2172
"SALMO","BC",2172
"SAINT-CELESTIN","QC",2169
"LAMONT","AB",2166
"NEW SONGHEES 1A","BC",2166
"SAINTE-CLOTILDE","QC",2164
"SAINT-NARCISSE-DE-RIMOUSKI","QC",2153
"VALEMOUNT","BC",2147
"FRELIGHSBURG","QC",2145
"LANARK","ON",2143
"LOGY BAY-MIDDLE COVE-OUTER COVE","NL",2142
"ARBORG","MB",2141
"LUCAN","ON",2141
"CAYAMANT","QC",2134
"SAINT-ARMAND","QC",2131
"WESTPORT","ON",2128
"ARMOUR","ON",2126
"LAWRENCETOWN","NS",2126
"LAC-AU-SAUMON","QC",2124
"SAINT-LEONARD-DE-PORTNEUF","QC",2121
"ROSTHERN","SK",2118
"BRIGHT'S GROVE","ON",2117
"FORT-COULONGE","QC",2113
"LITTLE BRITAIN","ON",2108
"TSINSTIKEPTUM 10","BC",2106
"SAINT-THEODORE-D'ACTON","QC",2104
"SAINTE-GENEVIEVE-DE-BERTHIER","QC",2104
"TYENDINAGA MOHAWK TERRITORY","ON",2100
"FRASER VALLEY H","BC",2096
"WOODLAWN","ON",2093
"CARTIER","MB",2093
"CARIBOO H","BC",2092
"GOLD RIVER","BC",2090
"HUDSON BAY","SK",2089
"LIMOGES","ON",2087
"WHEATLEY","ON",2087
"LUMSDEN","SK",2086
"SAINTE-ELISABETH","QC",2083
"PERTH ROAD","ON",2082
"RIVIERE-OUELLE","QC",2082
"FORTY MILE COUNTY NO. 8","AB",2082
"DOAKTOWN","NB",2080
"SMOKY LAKE","AB",2077
"MILL BAY","BC",2076
"AYLESFORD","NS",2069
"IROQUOIS","ON",2069
"LONE BUTTE","BC",2068
"PENTICTON 1","BC",2066
"LAURIERVILLE","QC",2065
"SAUBLE BEACH","ON",2061
"PALMAROLLE","QC",2061
"LORRAINVILLE","QC",2061
"BREBEUF","QC",2060
"KASLO","BC",2059
"BAYFIELD","ON",2058
"GRANDE-VALLEE","QC",2057
"SAINTE-ANNE-DE-SABREVOIS","QC",2052
"SAINT-JOACHIM-DE-SHEFFORD","QC",2050
"ONE HUNDRED MILE HOUSE","BC",2048
"QATHET A","BC",2048
"STEPHENVILLE CROSSING","NL",2047
"LAC-DROLET","QC",2043
"BENTLEY","AB",2043
"SUDBURY, UNORGANIZED, NORTH PART","ON",2042
"MCADAM","NB",2040
"DE SALABERRY","MB",2040
"MONTEBELLO","QC",2040
"CRAPAUD, PART 1","PE",2040
"EAST SAANICH 2","BC",2040
"BOUCHETTE","QC",2037
"NORTH RUSTICO","PE",2035
"FORTUNE","NL",2035
"GOULAIS RIVER","ON",2033
"COLBORNE","ON",2032
"TIMISKAMING, UNORGANIZED, WEST PART","ON",2026
"SAINT-PIERRE-LES-BECQUETS","QC",2025
"SAINT-FABIEN-DE-PANET","QC",2019
"CORONATION","AB",2014
"SAINT-NAZAIRE","QC",2014
"SAINT-PROSPER-DE-DORCHESTER","QC",2013
"DALHOUSIE","NB",2013
"CAMPBELL'S BAY","QC",2008
"UTTERSON","ON",2008
"CREIGHTON","SK",2006
"SAINT-JACQUES","NB",2003
"STUKELY-SUD","QC",2002
"STEVENSVILLE","ON",1999
"BURY","QC",1999
"SAINT-ETIENNE-DE-BOLTON","QC",1995
"BROKENHEAD","MB",1994
"DURHAM","ON",1992
"SAINT-STANISLAS","QC",1990
"BRUDENELL, LYNDOCH AND RAGLAN","ON",1988
"PENDER ISLAND","BC",1986
"TAYLOR","BC",1986
"BROOKE-ALVINSTON","ON",1986
"SHELLBROOK","SK",1981
"SAINT-BRUNO-DE-GUIGUES","QC",1980
"LES MECHINS","QC",1980
"SAINT-GABRIEL-DE-RIMOUSKI","QC",1978
"OKANAGAN FALLS","BC",1978
"LONGUE-RIVE","QC",1977
"IGNACE","ON",1977
"EAST KOOTENAY E","BC",1976
"L'ANGE GARDIEN","QC",1970
"MONTCALM","QC",1967
"SAINTE-SABINE","QC",1966
"NORTHERN LIGHTS COUNTY","AB",1956
"SACRE-COEUR","QC",1956
"WASHAGO","ON",1951
"LUSKVILLE","QC",1949
"SAINT-LAZARE-DE-BELLECHASSE","QC",1943
"ELK POINT","AB",1942
"VINELAND","ON",1941
"CARLYLE","SK",1935
"SAINT-LOUIS-DE-BLANDFORD","QC",1933
"SOURIS-GLENWOOD","MB",1932
"MINESING","ON",1927
"TWO HILLS COUNTY NO. 21","AB",1926
"CACHE CREEK","BC",1923
"TADOUSSAC","QC",1917
"SAINTE-GENEVIEVE-DE-BATISCAN","QC",1914
"L'AVENIR","QC",1914
"CUMBERLAND","ON",1914
"MINBURN COUNTY NO. 27","AB",1914
"INVERNESS","QC",1914
"HARRISON PARK","MB",1912
"TROCHU","AB",1909
"SAINT-RENE-DE-MATANE","QC",1908
"BETSIAMITES","QC",1906
"SAINT-JUDE","QC",1904
"CLARENDON","QC",1904
"SAINTE-BRIGIDE-D'IBERVILLE","QC",1903
"BULKLEY-NECHAKO E","BC",1902
"SMOOTH ROCK FALLS","ON",1902
"MALPEQUE BAY","PE",1902
"SPRINGHILL","NS",1902
"APSLEY","ON",1891
"PEACE RIVER E","BC",1890
"CHENEVILLE","QC",1888
"CARRYING PLACE","ON",1883
"SAINT-CLAUDE","QC",1883
"GODMANCHESTER","QC",1881
"PORT ROWAN","ON",1878
"BOWDEN","AB",1876
"LAC SIMON","QC",1874
"LANGENBURG","SK",1874
"SAINT-EDOUARD-DE-LOTBINIERE","QC",1872
"CLAIRMONT","AB",1869
"L'ETANG-DU-NORD","QC",1864
"LANSDOWNE","ON",1862
"GIRARDVILLE","QC",1858
"STRATHCONA C","BC",1858
"RIVIERE-A-PIERRE","QC",1857
"TAVISTOCK","ON",1856
"PLAISANCE","QC",1855
"VANKLEEK HILL","ON",1854
"SNOW LAKE","MB",1852
"SAINT-HUGUES","QC",1852
"LANIGAN","SK",1851
"HALFMOON BAY","BC",1848
"SAINT-HILARION","QC",1848
"SAINT-PATRICE-DE-SHERRINGTON","QC",1846
"SAINT-LUDGER","QC",1845
"ALBERNI-CLAYOQUOT F","BC",1844
"NORWOOD","ON",1843
"LOTBINIERE","QC",1842
"HUBERDEAU","QC",1842
"CARLETON","QC",1839
"WADENA","SK",1839
"SAULNIERVILLE","NS",1835
"L'ORIGNAL","ON",1834
"FOAM LAKE","SK",1831
"MURRAY HARBOUR","PE",1829
"AUMOND","QC",1828
"ROBERTS CREEK","BC",1827
"SAINT-WENCESLAS","QC",1826
"MELITA","MB",1819
"BATISCAN","QC",1816
"HOWICK","QC",1816
"VAUXHALL","AB",1815
"CHARETTE","QC",1813
"EEYOU ISTCHEE BAIE-JAMES","QC",1812
"SAINT-LAURENT-DE-L'ILE-D'ORLEANS","QC",1812
"SAINTE-AGATHE-DE-LOTBINIERE","QC",1802
"HIGHLANDS","BC",1802
"BURKS FALLS","ON",1801
"TEULON","MB",1800
"THOMPSON-NICOLA J (COPPER DESERT COUNTRY)","BC",1800
"SAINT-PHILEMON","QC",1800
"LORETTE","MB",1798
"BULKLEY-NECHAKO B","BC",1796
"SAINTE-JEANNE-D'ARC","QC",1792
"TRECESSON","QC",1792
"FORT NELSON","BC",1791
"BORDEN-CARLETON","PE",1790
"OXBOW","SK",1789
"SAINT-PIERRE-DE-L'ILE-D'ORLEANS","QC",1788
"LORNE","MB",1784
"ARDEN","ON",1782
"REGINA BEACH","SK",1779
"WASKAGANISH","QC",1779
"THORSBY","AB",1778
"MITCHELL","MB",1776
"SAINT-DIDACE","QC",1775
"SAINTE-MONIQUE","QC",1772
"QATHET B","BC",1772
"SAINT-ROCH-DES-AULNAIES","QC",1767
"FORT SMITH","NT",1766
"WILKIE","SK",1765
"SAINTS-ANGES","QC",1764
"STRONG","ON",1762
"DENHOLM","QC",1761
"SOUTH PORCUPINE","ON",1760
"SWAN HILLS","AB",1758
"OPPORTUNITY NO. 17","AB",1758
"SAINTE-FLAVIE","QC",1756
"SAINT-URBAIN-PREMIER","QC",1755
"SAINT-CYRILLE-DE-LESSARD","QC",1752
"GORE BAY","ON",1752
"METCALFE","ON",1751
"GRAND-BARACHOIS","NB",1751
"SCHREIBER","ON",1750
"SAINTE-AURELIE","QC",1746
"NIPISSING, UNORGANIZED, NORTH PART","ON",1744
"GRANDE-DIGUE","NB",1744
"TSUU T'INA NATION 145","AB",1742
"FRASER VALLEY G","BC",1742
"DAWN-EUPHEMIA","ON",1740
"SAINTE-MARIE-SALOME","QC",1738
"BLACK CREEK","BC",1737
"CARIBOO I","BC",1736
"OKANAGAN-SIMILKAMEEN F","BC",1736
"SAINT-HERMENEGILDE","QC",1736
"TROIS-RIVES","QC",1734
"HASTINGS","ON",1732
"SAINT-MATHIEU-DE-RIOUX","QC",1732
"L'ISLE-AUX-COUDRES","QC",1730
"THOMPSON-NICOLA M (BEAUTIFUL NICOLA VALLEY - NORTH)","BC",1728
"LONGLAC","ON",1726
"MCLENNAN","AB",1721
"PREISSAC","QC",1719
"SAINT-THOMAS-DIDYME","QC",1719
"SAINT-PAUL-DE-MONTMINY","QC",1719
"SAINTE-THERESE-DE-GASPE","QC",1716
"EMO","ON",1716
"DALMENY","SK",1715
"LOCKEPORT","NS",1714
"ST. JOSEPH","ON",1714
"MASSET","BC",1713
"DESCHAILLONS-SUR-SAINT-LAURENT","QC",1713
"BON ACCORD","AB",1711
"GILLAM","MB",1706
"SORRENTO","BC",1705
"NORTH HATLEY","QC",1704
"OGDEN","QC",1704
"LAC LA BICHE","AB",1701
"SAINT-VALERIEN-DE-MILTON","QC",1700
"SAINT-BASILE","NB",1697
"INUVIK","NT",1697
"WHITEMOUTH","MB",1696
"SAINT-BENJAMIN","QC",1696
"CROSSROADS","PE",1694
"FRASER VALLEY C","BC",1692
"NAVAN","ON",1692
"OSGOODE","ON",1691
"SAINTE-THERESE-DE-LA-GATINEAU","QC",1690
"WATSON LAKE","YT",1689
"WARFIELD","BC",1688
"BALGONIE","SK",1686
"MALLORYTOWN","ON",1684
"JACKSONS POINT","ON",1684
"BOWMAN","QC",1682
"SAINT-SEBASTIEN","QC",1681
"NEWPORT","QC",1679
"SPANIARD'S BAY","NL",1678
"DESBIENS","QC",1677
"SAINT-VALERE","QC",1674
"GREENWOOD","NS",1673
"COBALT","ON",1673
"WOODLANDS","MB",1673
"MILLBROOK","ON",1672
"NORTH NORFOLK","MB",1672
"HARBOUR BRETON","NL",1670
"COURCELLES-SAINT-EVARISTE","QC",1668
"BASHAW","AB",1668
"THAMESFORD","ON",1668
"NOBEL","ON",1667
"PORTERS LAKE","NS",1666
"NORTHBROOK","ON",1665
"THOMPSON-NICOLA A (WELLS GRAY COUNTRY)","BC",1664
"SAINT-BONAVENTURE","QC",1661
"HARDISTY","AB",1661
"PORT ALICE","BC",1659
"MURRAY RIVER, PART 1","PE",1658
"KIAMIKA","QC",1658
"KIPLING","SK",1656
"WAKEFIELD","QC",1656
"SAINT-PATRICE-DE-BEAURIVAGE","QC",1656
"METIS-SUR-MER","QC",1656
"ZURICH","ON",1655
"TWO HILLS","AB",1654
"TUSKET","NS",1654
"SAINT-IRENEE","QC",1652
"HAM-NORD","QC",1652
"MACHAR","ON",1650
"BAIE VERTE","NL",1650
"BRUDERHEIM","AB",1650
"SAINT-NORBERT-D'ARTHABASKA","QC",1649
"MIDHURST","ON",1649
"KOOTENAY BOUNDARY A","BC",1648
"BOLTON-OUEST","QC",1647
"VAL-BRILLANT","QC",1647
"SAINTE-EULALIE","QC",1646
"SAINT-JUSTIN","QC",1645
"CAYUGA","ON",1644
"SAINT-ARSENE","QC",1644
"SAINT-FREDERIC","QC",1643
"TORY HILL","ON",1643
"VAUDREUIL-SUR-LE-LAC","QC",1643
"EAST KOOTENAY G","BC",1642
"RICHIBUCTO 15","NB",1642
"SAINT-NARCISSE-DE-BEAURIVAGE","QC",1638
"PORT MCNICOLL","ON",1636
"LIONS BAY","BC",1635
"ST.-CHARLES","ON",1634
"CHURCHILL","MB",1632
"ST. ANTHONY","NL",1631
"WYOMING","ON",1629
"CASTOR","AB",1628
"BISHOPS FALLS","NL",1627
"MELBOURNE","QC",1625
"SAINTE-CHRISTINE-D'AUVERGNE","QC",1625
"MULGRAVE-ET-DERRY","QC",1624
"ODESSA","ON",1623
"VAL-ALAIN","QC",1622
"FOREST","ON",1621
"LONG SAULT","ON",1621
"MACKLIN","SK",1620
"SAINTE-PETRONILLE","QC",1620
"GRENFELL","SK",1620
"SAINT-VALLIER","QC",1619
"MANNING","AB",1618
"MURDOCHVILLE","QC",1617
"GLENCOE","ON",1613
"TYNE VALLEY","PE",1613
"SAINT-URBAIN","QC",1610
"SAINTE-ANGELE-DE-MERICI","QC",1608
"BLIND BAY","BC",1601
"LAC-KENOGAMI","QC",1599
"NOBLEFORD","AB",1599
"LIONS HEAD","ON",1598
"BEGIN","QC",1598
"SAINT-SYLVESTRE","QC",1597
"DUNNOTTAR","MB",1596
"CAPREOL","ON",1593
"SAINT-NORBERT","QC",1590
"CORBEIL","ON",1589
"SEDGEWICK","AB",1587
"SAINTE-CECILE-DE-MASHAM","QC",1586
"DUHAMEL-OUEST","QC",1585
"MERRICKVILLE","ON",1585
"PALMERSTON","ON",1582
"GRANDVIEW","MB",1579
"KILLAM","AB",1578
"DIVISION NO. 19, UNORGANIZED","MB",1576
"BAIE-DU-FEBVRE","QC",1575
"DRESDEN","ON",1571
"ANNAPOLIS ROYAL","NS",1571
"BURFORD","ON",1571
"CHESTER BASIN","NS",1568
"ASHTON","ON",1567
"NORTH GOWER","ON",1566
"AKWESASNE 15","QC",1566
"MAIDSTONE","SK",1566
"DAVIDSON","SK",1565
"SHIPSHAW","QC",1563
"NOTRE-DAME-DE-LA-SALETTE","QC",1561
"CHANNEL-PORT-AUX-BASQUES","NL",1559
"SUNDERLAND","ON",1558
"NIPISSING 10","ON",1558
"COCAGNE","NB",1555
"EDENWOLD NO. 158","SK",1550
"LOUISE","MB",1550
"CAMPBELLVILLE","ON",1550
"SAINT-MAGLOIRE","QC",1548
"SAINT-MODESTE","QC",1547
"BRIDGETOWN","NS",1546
"SAINT-CAMILLE-DE-LELLIS","QC",1545
"ST GEORGE","ON",1543
"INDIAN BROOK 14","NS",1541
"DURHAM-SUD","QC",1541
"BON-CONSEIL","QC",1539
"PREECEVILLE","SK",1537
"TASCHEREAU","QC",1536
"KINGSTON","NS",1536
"PUVIRNITUQ","QC",1533
"SAINT-GEORGES-DE-WINDSOR","QC",1533
"KITIMAT-STIKINE B","BC",1532
"WOODVILLE","ON",1530
"KILLALOE","ON",1529
"BARRHEAD COUNTY NO. 11","AB",1528
"MACDONALD, MEREDITH AND ABERDEEN ADDITIONAL","ON",1526
"HORNEPAYNE","ON",1524
"BURGEO","NL",1523
"LANGHAM","SK",1523
"ALIX","AB",1521
"THORNDALE","ON",1521
"SAINTE-CECILE-DE-WHITTON","QC",1520
"LOURDES-DE-JOLIETTE","QC",1520
"SAINT-LEON-DE-STANDON","QC",1520
"HAMIOTA","MB",1520
"SAINT-PIERRE-DE-BROUGHTON","QC",1518
"COWICHAN VALLEY F","BC",1518
"DUNDALK","ON",1517
"LIVERPOOL","NS",1516
"FATIMA","QC",1511
"BADDECK","NS",1510
"LAC-DU-CERF","QC",1505
"MOOSONEE","ON",1504
"COWICHAN BAY","BC",1503
"BRUCE MINES","ON",1502
"BULKLEY-NECHAKO D","BC",1502
"EAR FALLS","ON",1501
"LA PATRIE","QC",1501
"UPPER TANTALLON","NS",1500
"YELLOWHEAD","MB",1500
"SPIRIT RIVER","AB",1499
"PARKHILL","ON",1495
"OYEN","AB",1494
"LAMARCHE","QC",1491
"SAINT-FRANCOIS-DE-LA-RIVIERE-DU-SUD","QC",1490
"VIKING","AB",1488
"DOSQUET","QC",1487
"PEACE RIVER REGIONAL DISTRICT","BC",1487
"COOKSTOWN","ON",1487
"CARDIFF","ON",1486
"FRASER VALLEY D","BC",1486
"ARTHUR","ON",1485
"CENTRAL KOOTENAY C","BC",1484
"REDVERS","SK",1482
"SAINT-JEAN-DE-L'ILE-D'ORLEANS","QC",1480
"GREENWOOD","BC",1479
"BAY BULLS","NL",1476
"WEMINDJI","QC",1476
"VALLEY","NS",1476
"CAMLACHIE","ON",1474
"SAINT-JOACHIM","QC",1472
"CENTRAL KOOTENAY G","BC",1470
"JARVIS","ON",1470
"SIOUX NARROWS-NESTOR FALLS","ON",1466
"NEW-WES-VALLEY","NL",1466
"INVERARY","ON",1465
"ELGIN","ON",1464
"WATFORD","ON",1464
"MANITOU BEACH","SK",1464
"INGLESIDE","ON",1462
"MUNDARE","AB",1461
"ONOWAY","AB",1461
"WITLESS BAY","NL",1460
"WELLINGTON","ON",1460
"ROSEDALE","BC",1457
"MAYNE ISLAND","BC",1450
"ST. LAURENT","MB",1450
"SAINT-ANACLET","QC",1449
"SAINTE-MARTHE","QC",1448
"CHAPEAU","QC",1448
"MIMINEGASH","PE",1447
"WEST LORNE","ON",1444
"WESTBURY","QC",1443
"MARSH LAKE","YT",1440
"CARNDUFF","SK",1438
"KILLARNEY","MB",1437
"SAINT-ROMAIN","QC",1435
"WHITEWOOD","SK",1435
"SAINT-BRUNO-LAC-SAINT-JEAN","QC",1435
"MASSEY","ON",1434
"TEMAGAMI","ON",1432
"MANSEAU","QC",1432
"LAC-SAGUAY","QC",1432
"DUNCHURCH","ON",1428
"COBDEN","ON",1427
"MILK RIVER","AB",1426
"MULGRAVE","NS",1422
"CANNINGTON","ON",1420
"RAINY RIVER","ON",1418
"IRRICANA","AB",1418
"SALMON RIVER","NS",1417
"HUDSON'S HOPE","BC",1417
"IRISHTOWN-SUMMERSIDE","NL",1416
"FRASER LAKE","BC",1416
"EMERSON-FRANKLIN","MB",1416
"SAINT-ETIENNE-DE-BEAUHARNOIS","QC",1416
"GILBERT PLAINS","MB",1414
"KERROBERT","SK",1414
"SIFTON","MB",1413
"LINCOLN","NB",1412
"WOLLASTON","ON",1408
"BLACK DIAMOND","AB",1408
"TOBERMORY","ON",1403
"SQUAMISH-LILLOOET C","BC",1402
"LAC-SAINT-PAUL","QC",1401
"DUNROBIN","ON",1401
"SAINTE-JUSTINE-DE-NEWTON","QC",1400
"LEGAL","AB",1396
"ARUNDEL","QC",1395
"ROSENEATH","ON",1394
"FOGO ISLAND","NL",1394
"MCMURRICH/MONTEITH","ON",1394
"GULL LAKE","SK",1394
"COWICHAN","BC",1394
"CHESTERVILLE","QC",1393
"SAINT-LUDGER-DE-MILOT","QC",1391
"TIVERTON","ON",1391
"SAINT-ODILON-DE-CRANBOURNE","QC",1390
"SAINTE-ANNE-DU-LAC","QC",1389
"PORCUPINE","ON",1388
"SOUTH ALGONQUIN","ON",1386
"WESTLAKE-GLADSTONE","MB",1384
"SAINTE-HELENE-DE-KAMOURASKA","QC",1383
"SELKIRK","ON",1382
"THOMPSON-NICOLA O (LOWER NORTH THOMPSON)","BC",1382
"ESKASONI","NS",1381
"MONTROSE","BC",1381
"LANDRIENNE","QC",1380
"WALPOLE ISLAND 46","ON",1378
"DAAJING GIIDS","BC",1375
"CAMPOBELLO ISLAND","NB",1374
"CLARKSBURG","ON",1373
"UPPER ISLAND COVE","NL",1373
"DUCHESS","AB",1371
"WALDHEIM","SK",1368
"SAINT-EMILE-DE-SUFFOLK","QC",1367
"CALEDON VILLAGE","ON",1367
"SAINT-LOUIS-DU-HA! HA!","QC",1364
"KETTLE POINT 44","ON",1364
"LAC-SERGENT","QC",1360
"FRASER VALLEY E","BC",1360
"RIDGETOWN","ON",1358
"MINTO","NB",1358
"OSOYOOS 1","BC",1358
"BOUCTOUCHE","NB",1356
"STUARTBURN","MB",1355
"MORRISBURG","ON",1353
"MARSTON","QC",1350
"HARROWSMITH","ON",1349
"PETIT-SAGUENAY","QC",1348
"STE. ROSE","MB",1346
"BOISSEVAIN-MORTON","MB",1346
"COLDBROOK","NS",1344
"ELMSDALE","NS",1343
"LA CORNE","QC",1342
"IRLANDE","QC",1342
"NOTRE-DAME-DE-LA-PAIX","QC",1341
"CANAL FLATS","BC",1340
"SAINT-JUST-DE-BRETENIERES","QC",1338
"TUDOR AND CASHEL","ON",1334
"KELSEY","MB",1334
"SAINT-MICHEL-DU-SQUATEC","QC",1334
"DENFIELD","ON",1332
"SAINT-EDOUARD-DE-MASKINONGE","QC",1332
"CARROT RIVER","SK",1331
"WASWANIPI","QC",1330
"ROCANVILLE","SK",1330
"SAINT-DAVID","QC",1329
"SAINTE-SOPHIE-DE-LEVRARD","QC",1329
"SAINT-FRANCOIS-DE-SALES","QC",1329
"LOMBARDY","ON",1326
"BOILEAU","QC",1325
"SAINT-EPIPHANE","QC",1325
"SAINT-MARC-DE-FIGUERY","QC",1323
"SAINT-HONORE-DE-TEMISCOUATA","QC",1322
"LUCKNOW","ON",1320
"MAYO","QC",1320
"HONFLEUR","QC",1319
"NORMETAL","QC",1319
"SAINT-ALEXIS","QC",1318
"CAP-PELE","NB",1316
"WAHNAPITAE","ON",1315
"SUN PEAKS","BC",1315
"STANBRIDGE EAST","QC",1314
"DUPUY","QC",1314
"KELVINGTON","SK",1314
"GALIANO ISLAND","BC",1314
"LA DURANTAYE","QC",1314
"ECKVILLE","AB",1314
"SAINT-CHARLES-DE-BOURGET","QC",1314
"WAKAW","SK",1312
"KITIGAN ZIBI","QC",1312
"CONSORT","AB",1312
"MILFORD BAY","ON",1312
"BUENA VISTA","SK",1311
"OAKVIEW","MB",1310
"STAVELY","AB",1310
"MANNVILLE","AB",1308
"CLORIDORME","QC",1308
"SPENCERVILLE","ON",1308
"CHARLIE LAKE","BC",1305
"ESTON","SK",1305
"LANGTON","ON",1305
"GREY","MB",1304
"QATHET D","BC",1304
"RIVERDALE","MB",1302
"BELMONT","ON",1300
"HAVELOCK","QC",1299
"SAINT-RENE","QC",1298
"NAMUR","QC",1296
"MONTAGUE","PE",1293
"WAUBAUSHENE","ON",1291
"CASCAPEDIA-SAINT-JULES","QC",1290
"SAINT-ADELPHE","QC",1290
"LAKE ECHO","NS",1290
"NEW ROSS","NS",1290
"KITSCOTY","AB",1288
"ALFRED","ON",1288
"SAINTE-GERMAINE-BOULE","QC",1288
"COLOMBIER","QC",1287
"ITUNA","SK",1287
"SAINTE-ROSE-DE-WATFORD","QC",1287
"GLENWOOD","NL",1286
"THORNE","QC",1286
"LARDER LAKE","ON",1281
"SOUTH WOODSLEE","ON",1280
"DELISLE","SK",1279
"HAMMOND","ON",1278
"GRAFTON","ON",1278
"RUSAGONIS","NB",1277
"SAINT-MAXIME-DU-MONT-LOUIS","QC",1276
"BLANC-SABLON","QC",1276
"KAMOURASKA","QC",1276
"ECHO BAY","ON",1276
"SAINT-ROSAIRE","QC",1275
"NEW DENVER","BC",1275
"MALIOTENAM 27A","QC",1274
"LINDEN","AB",1273
"OSLER","SK",1272
"NEW GERMANY","NS",1272
"ORONO","ON",1270
"SAINT-SIMON","QC",1270
"PACKINGTON","QC",1269
"SAINT-PHILIPPE-DE-NERI","QC",1269
"THORNHILL","BC",1269
"TRES-SAINT-REDEMPTEUR","QC",1268
"SAINTE-MARGUERITE","QC",1268
"LA SALLE","MB",1268
"FALHER","AB",1266
"FRASER VALLEY B","BC",1264
"UASHAT 27","QC",1264
"NOTRE-DAME-DES-MONTS","QC",1264
"SQUAMISH-LILLOOET D","BC",1264
"IVRY-SUR-LE-LAC","QC",1263
"SAINT-SEVERIN","QC",1262
"SAINT-OMER","QC",1262
"RIPLEY","ON",1261
"CARIBOO C","BC",1260
"FRASER-FORT GEORGE H","BC",1260
"CARDSTON COUNTY","AB",1260
"DELBURNE","AB",1259
"FARO","YT",1257
"CENTRAL KOOTENAY D","BC",1256
"ASSIGINACK","ON",1254
"LEFEBVRE","QC",1254
"CAMBRIDGE BAY","NU",1251
"PEMBINA","MB",1248
"WHITBOURNE","NL",1248
"LANTZ","NS",1247
"CAMERON","ON",1246
"DUPARQUET","QC",1245
"MATAPEDIA","QC",1245
"SPIRITWOOD","SK",1244
"BIG WHITE MOUNTAIN","BC",1243
"HARRISTON","ON",1243
"MADEIRA PARK","BC",1242
"FRASER VALLEY F","BC",1242
"CHESTERVILLE","ON",1239
"LA LOCHE","SK",1237
"KOOTENAY BOUNDARY B / LOWER COLUMBIA-OLD-GLORY","BC",1236
"MACTIER","ON",1235
"BEARN","QC",1234
"SHARON","ON",1234
"AKWESASNE (PART) 59","ON",1234
"SEBA BEACH","AB",1233
"SENNEVILLE","QC",1231
"SAINT-EDOUARD","QC",1230
"BOURGET","ON",1229
"DELORAINE-WINCHESTER","MB",1229
"RED ROCK","ON",1228
"CARLOW/MAYO","ON",1228
"GRANDE CACHE","AB",1228
"CHISHOLM","ON",1228
"THAMESVILLE","ON",1228
"MEMBERTOU 28B","NS",1224
"DUNDURN NO. 314","SK",1222
"BEISEKER","AB",1222
"LEADER","SK",1221
"CARDINAL","ON",1220
"CARDIGAN","PE",1217
"ST-FRANCOIS-XAVIER-DE-BROMPTON","QC",1217
"FORESTBURG","AB",1216
"SAINT-ISIDORE-DE-LAPRAIRIE","QC",1214
"STIRLING","AB",1214
"ST-PIERRE-JOLYS","MB",1214
"SAINTE-BRIGITTE-DES-SAULTS","QC",1214
"INVERNESS","NS",1213
"FOREMOST","AB",1213
"PORT SYDNEY","ON",1211
"CHURCHBRIDGE","SK",1210
"SAINTE-FRANCOISE","QC",1209
"BUCKHORN","ON",1209
"SAINT-FRANCOIS-D'ASSISE","QC",1209
"MUSGRAVE HARBOUR","NL",1209
"SAINT-ANDRE-DE-KAMOURASKA","QC",1208
"SAINT-NAZAIRE-D'ACTON","QC",1206
"EVERETT","ON",1205
"ST. PETERS","PE",1205
"BIRCH HILLS","SK",1205
"STRASBOURG","SK",1204
"MCBRIDE","BC",1201
"MAIDSTONE","ON",1201
"ANOLA","MB",1201
"ARVIAT","NU",1200
"POUCE COUPE","BC",1199
"SAINT-SYLVERE","QC",1198
"PALGRAVE","ON",1198
"HAMPTON","ON",1195
"SEAFORTH","ON",1192
"WARKWORTH","ON",1191
"SAINT-SAMUEL","QC",1190
"SAINT-ISIDORE-DE-CLIFTON","QC",1189
"SAINT-JACQUES-DE-LEEDS","QC",1189
"BAIE-DES-SABLES","QC",1188
"CLINTON","BC",1186
"PERIBONKA","QC",1185
"CAVAN","ON",1183
"WOLSELEY","SK",1182
"SAINT-BARNABE","QC",1182
"TAPPEN","BC",1181
"MURRAY RIVER","PE",1180
"FAIRMONT HOT SPRINGS","BC",1179
"RADVILLE","SK",1178
"DUTTON","ON",1177
"ROSSBURN","MB",1176
"SAINT-EUGENE","QC",1176
"WIKWEMIKONG","ON",1175
"PRAIRIE VIEW","MB",1174
"LES BERGERONNES","QC",1174
"WEST INTERLAKE","MB",1172
"SAINTE-ANGELE-DE-PREMONT","QC",1171
"MONTCERF-LYTTON","QC",1170
"PIPESTONE","MB",1169
"HARVEY YORK CO","NB",1169
"GRANDES-PILES","QC",1168
"PORTNEUF-SUR-MER","QC",1167
"KINGSTON","PE",1164
"ESTEREL","QC",1162
"FALMOUTH","NS",1161
"BILLINGS","ON",1160
"HAINES JUNCTION","YT",1158
"LOCHABER-PARTIE-OUEST","QC",1156
"OIL SPRINGS","ON",1154
"FRASER-FORT GEORGE F","BC",1154
"LEFROY","ON",1154
"BAIE-TRINITE","QC",1152
"KAKABEKA FALLS","ON",1151
"CENTRAL PRINCE","PE",1150
"NOTRE-DAME-AUXILIATRICE-DE-BUCKLAND","QC",1150
"SAINT-THEOPHILE","QC",1149
"WINDSOR","NS",1146
"GARIBALDI HIGHLANDS","BC",1145
"SAINT-MAJORIQUE-DE-GRANTHAM","QC",1144
"BUFFALO NARROWS","SK",1143
"SAINT-LOUIS","QC",1143
"MONT-SAINT-MICHEL","QC",1143
"KEENE","ON",1139
"LA BOSTONNAIS","QC",1139
"PLANTAGENET","ON",1138
"TAGISH","YT",1137
"CLIVE","AB",1137
"BONSECOURS","QC",1136
"DUNSFORD","ON",1135
"LITTLE CURRENT","ON",1134
"EMSDALE","ON",1134
"LAVERLOCHERE-ANGLIERS","QC",1132
"SEELEYS BAY","ON",1131
"MANSFIELD","QC",1130
"BROOKLYN","NS",1130
"YARKER","ON",1127
"MILTONVALE PARK","PE",1126
"NORRIS ARM","NL",1125
"PORT WILLIAMS","NS",1125
"SAINTE-CHRISTINE","QC",1122
"MUSQUEAM 2","BC",1122
"SAINTE-ROSE-DU-NORD","QC",1122
"LA CRETE","AB",1120
"SAINT-BARNABE-SUD","QC",1119
"TOURVILLE","QC",1119
"EASTERN KINGS","PE",1114
"ST. FRANCOIS XAVIER","MB",1110
"FERLAND-ET-BOILLEAU","QC",1107
"SAINT-HUBERT-RIVIERE-DU-LOUP","QC",1106
"SAINT-HENRI-DE-TAILLON","QC",1106
"SAINT-MATHIEU-DE-LAPRAIRIE","QC",1106
"CANTON TREMBLAY","QC",1102
"SAINT-MOISE","QC",1101
"SYDENHAM","ON",1099
"DIVISION NO. 21, UNORGANIZED","MB",1096
"SAINT-JANVIER-DE-JOLY","QC",1096
"OKANAGAN-SIMILKAMEEN B","BC",1096
"COBOCONK","ON",1095
"WARBURG","AB",1092
"HORNBY ISLAND","BC",1092
"COTTAM","ON",1091
"BAYSVILLE","ON",1091
"SAINT-ALEXANDRE-D'IBERVILLE","QC",1091
"DASHWOOD","ON",1090
"PORCUPINE PLAIN","SK",1089
"SAINT-MATHIEU-D'HARRICANA","QC",1087
"MILDMAY","ON",1086
"BURK'S FALLS","ON",1086
"SAINT-TELESPHORE","QC",1084
"HAGUE","SK",1084
"CUDWORTH","SK",1083
"ACME","AB",1083
"108 MILE RANCH","BC",1083
"SAINTE-CLOTILDE-DE-CHATEAUGUAY","QC",1083
"CANDLE LAKE","SK",1082
"BULKLEY-NECHAKO C","BC",1080
"SAINT-PIERRE-BAPTISTE","QC",1079
"EMBRO","ON",1075
"MIDWAY","BC",1075
"SAINTE-APOLLINE-DE-PATTON","QC",1074
"SKOWKALE","BC",1074
"CHAMPION","AB",1073
"CLARKS HARBOUR","NS",1072
"LYNDEN","ON",1072
"SAINTE-HEDWIDGE","QC",1072
"STEWART","BC",1071
"MILVERTON","ON",1070
"HAVRE-AUX-MAISONS","QC",1070
"DIVISION NO.  1, SUBD. E","NL",1070
"ST. GEORGE'S","NL",1070
"SAINTE-LOUISE","QC",1069
"WINDERMERE","BC",1069
"WABANA","NL",1068
"LAC-CAYAMANT","QC",1066
"LAIRD","ON",1066
"POWERVIEW-PINE FALLS","MB",1066
"CAPILANO 5","BC",1066
"HERBERT","SK",1065
"RYERSON","ON",1064
"CARONPORT","SK",1064
"ESGENOOPETITJ 14","NB",1060
"KIPAWA","QC",1059
"ALBERT BRIDGE","NS",1059
"SAINTE-PERPETUE-DE-L'ISLET","QC",1059
"WINLAW","BC",1059
"BALTIMORE","ON",1058
"SMOKY RIVER NO. 130","AB",1058
"TEHKUMMAH","ON",1058
"WAVERLEY","NS",1056
"BOWSER","BC",1055
"HILLSBURGH","ON",1055
"TRES-SAINT-SACREMENT","QC",1054
"MAXVILLE","ON",1053
"FORTIERVILLE","QC",1053
"CANTON-DE-HATLEY","QC",1052
"CREEMORE","ON",1050
"POINTE-AUX-ROCHES","ON",1048
"THORNTON","ON",1047
"SAINT-ZEPHIRIN-DE-COURVAL","QC",1047
"TAHSIS","BC",1047
"SAINT-LUC-DE-BELLECHASSE","QC",1047
"SAINT-MARC-DU-LAC-LONG","QC",1044
"SAINT-AIME-DU-LAC-DES-ILES","QC",1044
"PORTLAND","ON",1044
"LAC-SAINT-JOSEPH","QC",1044
"SPANISH","ON",1042
"TRITON","NL",1039
"LASHBURN","SK",1038
"SAINT-EDMOND-DE-GRANTHAM","QC",1037
"HERITAGE POINTE","AB",1033
"SPRING LAKE","AB",1032
"COOKS CREEK","MB",1031
"LA VISITATION-DE-L'ILE-DUPAS","QC",1030
"CARMANVILLE","NL",1030
"BLOCKHOUSE","NS",1028
"SOUTHEY","SK",1028
"PAPINEAU-CAMERON","ON",1028
"WENDOVER","ON",1026
"SABREVOIS","QC",1026
"150 MILE HOUSE","BC",1025
"SAINT-MARCELLIN","QC",1025
"SUMMERFORD","NL",1024
"ERINSVILLE","ON",1023
"NOTRE-DAME-DE-STANBRIDGE","QC",1020
"LAC-DES-AIGLES","QC",1020
"NARAMATA","BC",1018
"LONGUE-POINTE-DE-MINGAN","QC",1018
"ALBAN","ON",1016
"KALEDEN","BC",1014
"DAYSLAND","AB",1012
"ST-NAZAIRE-DU-LAC-ST-JEAN","QC",1010
"DENARE BEACH","SK",1010
"PETIT-ROCHER","NB",1009
"SALLUIT","QC",1008
"EASTEND","SK",1006
"BIGHORN NO. 8","AB",1006
"MABERLY","ON",1005
"MACHIN","ON",1004
"NEW LOWELL","ON",1004
"ARCADIA","NS",1004
"BLACKSTOCK","ON",1004
"BARSS CORNER","NS",1003
"FREDERICTON JUNCTION","NB",1002
"SAINTE-GERTRUDE-MANNEVILLE","QC",1002
"OPASKWAYAK CREE NATION 21E","MB",1002
"ROXTON","QC",1002
"BIFROST-RIVERTON","MB",1000
"PABOS","QC",999
"KANESATAKE LANDS","QC",998
"KILWORTHY","ON",998
"NEW HAZELTON","BC",997
"LAC-DELAGE","QC",996
"STOUGHTON","SK",996
"CHESLEY","ON",996
"HENSALL","ON",995
"CORMACK","NL",994
"DIVISION NO.  8, SUBD. L","NL",994
"PIOPOLIS","QC",993
"70 MILE HOUSE","BC",991
"SAINT-ADALBERT","QC",990
"CHRISTIAN ISLAND 30","ON",990
"SAINT-ROCH-DE-MEKINAC","QC",989
"HERRING COVE","NS",989
"CLARK'S HARBOUR","NS",988
"CURVE LAKE FIRST NATION 35","ON",988
"OBEDJIWAN 28","QC",982
"CRYSTAL BEACH","ON",981
"SACRE-COEUR-SAGUENAY","QC",981
"DSL DE DRUMMOND","NB",980
"BARNWELL","AB",979
"DRAYTON","ON",979
"SAINT-NEREE-DE-BELLECHASSE","QC",978
"ROCKY HARBOUR","NL",978
"SAINT-SIMON-DE-RIMOUSKI","QC",978
"POINTE-DU-CHENE","NB",976
"BORDEN","PE",974
"CALABOGIE","ON",973
"DENMAN ISLAND","BC",973
"JORDAN STATION","ON",973
"SAINT-ALEXIS-DE-MATAPEDIA","QC",973
"ARCOLA","SK",973
"NAROL","MB",972
"SCHEFFERVILLE","QC",971
"CLYDE RIVER","PE",971
"SCOTCH CREEK","BC",969
"SAINT-VALERIEN","QC",968
"QU'APPELLE","SK",967
"AUDET","QC",966
"SOURIS","MB",966
"SANDY BEACH","AB",966
"BUCHANS","NL",966
"RAYMOND","AB",966
"SAINT-ANDRE","NB",965
"CAP-AUX-MEULES","QC",964
"NORTH OKANAGAN E","BC",964
"FREELTON","ON",963
"LAWRENCEVILLE","QC",960
"DOMINION","NS",960
"BADGER","NL",960
"CLARENCE CREEK","ON",958
"CLEAR HILLS","AB",958
"WESTEROSE","AB",958
"FASSETT","QC",958
"GESGAPEGIAG","QC",957
"HUBLEY","NS",956
"CLARKE'S BEACH","NL",954
"GRAVELBOURG","SK",954
"EAST FARNHAM","QC",954
"PRINCE","ON",954
"PESSAMIT","QC",953
"RYCROFT","AB",953
"COPPER CLIFF","ON",953
"DIXVILLE","QC",951
"NORFOLK-TREHERNE","MB",950
"PLUMMER ADDITIONAL","ON",950
"CHRISTINA LAKE","BC",948
"PRAIRIE LAKES","MB",948
"ESCUMINAC","QC",947
"WILLOW BEACH","ON",947
"L'ILE-DU-GRAND-CALUMET","QC",946
"SAINT-EUSEBE","QC",946
"SAINT-JUSTE-DU-LAC","QC",945
"BIENCOURT","QC",945
"SCOTSTOWN","QC",945
"LUSELAND","SK",944
"BROADVIEW","SK",944
"MONTCALM","MB",944
"PORT AU CHOIX","NL",943
"HAZELTON","BC",943
"ST ADOLPHE","MB",942
"STANLEY BRIDGE, HOPE RIVER, BAYVIEW, CAVENDISH AND NORTH RUSTICO","PE",942
"BURTON","NB",942
"PERTH-ANDOVER","NB",940
"BRYSON","QC",940
"MCGREGOR","ON",940
"STRATHCONA B","BC",940
"EMPRESS","AB",939
"GOLDEN LAKE","ON",939
"SAINTE-PRAXEDE","QC",938
"MERLIN","ON",937
"SUNNYSIDE","MB",937
"OTONABEE","ON",937
"CONSECON","ON",937
"GORHAM","ON",936
"SAINT-BRUNO-DE-KAMOURASKA","QC",936
"ST JACOBS","ON",936
"CARLISLE","ON",935
"VICTORIA","NL",934
"ST. LAWRENCE","NL",932
"SHERRINGTON","QC",928
"LOWBANKS","ON",928
"CRAPAUD","PE",927
"POINT LEAMINGTON","NL",926
"TOBIQUE 20","NB",926
"WARNER COUNTY NO. 5","AB",926
"QUYON","QC",926
"MOOREFIELD","ON",926
"ALTON","ON",925
"PAISLEY","ON",925
"WALLACE-WOODWORTH","MB",924
"BULKLEY-NECHAKO G","BC",924
"BIENFAIT","SK",924
"STORNOWAY","QC",923
"HOPE","QC",923
"WHITE RIVER","ON",922
"SAINTE-ANNE-DE-LA-ROCHELLE","QC",921
"POINTE-FORTUNE","QC",921
"VARS","ON",920
"SAINTE-CLOTILDE-DE-BEAUCE","QC",920
"GARDEN RIVER 14","ON",920
"HILTON BEACH","ON",920
"SAINT-ADELME","QC",919
"SAINT-IGNACE-DE-STANBRIDGE","QC",918
"GILMOUR","ON",917
"MILLBROOK 27","NS",916
"AILSA CRAIG","ON",915
"KINBURN","ON",915
"RUSSELL","MB",915
"POULARIES","QC",913
"MARWAYNE","AB",912
"CLERVAL","QC",912
"TOWN OF PLYMPTON WYOMING","ON",912
"NISGA'A","BC",912
"MILTON","NS",909
"JANETVILLE","ON",909
"ROLAND","MB",908
"SHILO","MB",908
"PAKENHAM","ON",908
"LUCASVILLE","NS",907
"SAINT-LAURENT-ILE-D'ORLEANS","QC",907
"KLEEFELD","MB",906
"CHETICAMP","NS",906
"SWAN VALLEY WEST","MB",904
"BROOKSIDE","NS",904
"DEVON 30","NB",904
"PASS LAKE","ON",904
"TURNER VALLEY","AB",902
"STRATHCONA A","BC",902
"ARNOLD'S COVE","NL",900
"CULTUS LAKE","BC",899
"KINISTINO","SK",899
"SAINT-BERNARD-DE-MICHAUDVILLE","QC",897
"SAINT-ADRIEN","QC",897
"LECLERCVILLE","QC",897
"CORBYVILLE","ON",897
"ST. ALBAN'S","NL",896
"TRINITY BAY NORTH","NL",896
"INNERKIP","ON",896
"RODNEY","ON",895
"SAINT-PIERRE-ILE-D'ORLEANS","QC",895
"SCOTLAND","ON",894
"SAINTE-MARIE-DE-BLANDFORD","QC",894
"SAINT-REMI-DE-TINGWICK","QC",894
"SAYWARD","BC",893
"OXFORD MILLS","ON",893
"LOCKPORT","MB",891
"MATLOCK","MB",891
"KINGSTON","NB",891
"GALLICHAN","QC",891
"SAINT-LUC-DE-VINCENNES","QC",890
"ST DAVIDS","ON",889
"BELWOOD","ON",889
"BRUNO","SK",889
"BELCARRA","BC",888
"WAWOTA","SK",887
"WILLIAMSTOWN","ON",886
"PRINCETON","ON",886
"BLOOMFIELD","ON",885
"CLIFFORD","ON",885
"GRANISLE","BC",884
"MASSUEVILLE","QC",884
"DWIGHT","ON",884
"FOXBORO","ON",883
"CONISTON","ON",883
"DUBREUILVILLE","ON",883
"DESCHAMBAULT","QC",882
"REIDVILLE","NL",881
"BALCARRES","SK",881
"MERIGOMISH","NS",881
"LINDELL BEACH","BC",880
"GORDON/BARRIE ISLAND","ON",880
"EASTPORT","NL",879
"MURILLO","ON",878
"SAINT-ANTOINE","NB",878
"LAMPMAN","SK",877
"EMBREE","NL",877
"SPECIAL AREA NO. 2","AB",876
"LYNN LAKE","MB",876
"MOUNTAIN","ON",874
"MCCREARY","MB",874
"MOUNT WADDINGTON C","BC",872
"ALERT BAY","BC",871
"MILESTONE","SK",871
"BLUMENORT","MB",869
"AUCLAIR","QC",869
"MOSSEY RIVER","MB",868
"CORONACH","SK",867
"PORT-DANIEL","QC",867
"OUJE-BOUGOUMOU","QC",867
"SOUTHEAST / SUD-EST","NB",866
"CAMBRIDGE","NS",866
"LAKEVILLE-WESTMORLAND","NB",866
"STILLWATER LAKE","NS",865
"NEWBURY","ON",865
"FANNY BAY","BC",865
"IRISHTOWN","NB",864
"SAINTE-FAMILLE-DE-L'ILE-D'ORLEANS","QC",864
"STURGIS","SK",864
"SAINTE-SOPHIE-D'HALIFAX","QC",863
"BRETON","AB",862
"SAINTS-MARTYRS-CANADIENS","QC",862
"FAIRVIEW NO. 136","AB",862
"WHITE LAKE","ON",861
"ST CHARLES","ON",860
"SPANIARDS BAY","NL",859
"BRAESIDE","ON",859
"PAINTEARTH COUNTY NO. 18","AB",858
"LIMERICK","ON",856
"SAINT-PIERRE-DE-LA-RIVIERE-DU-SUD","QC",856
"PETTY HARBOUR-MADDOX COVE","NL",856
"LES HAUTEURS","QC",855
"LA MOTTE","QC",854
"PORT LAMBTON","ON",853
"ALLAN","SK",852
"RICHIBUCTO","NB",852
"HARTINGTON","ON",850
"ARMSTRONG","ON",850
"ST-VALERIEN","QC",850
"TRACY","NB",849
"SAINTE-ANNE-DE-MADAWASKA","NB",848
"VERNON BRIDGE","PE",847
"SAINT-MALO","QC",847
"GRUNTHAL","MB",846
"SAINTE-MARIE-DE-KENT","NB",845
"SAINT-JOSEPH-DE-LEPAGE","QC",845
"OTTERVILLE","ON",845
"JOHNSON","ON",844
"SHEET HARBOUR","NS",844
"FORT WILLIAM 52","ON",844
"SECHELT (PART)","BC",844
"MINDEMOYA","ON",844
"BERRY","QC",843
"PIKE RIVER","QC",841
"DEBERT","NS",840
"SAINT-EUGENE-DE-GUIGUES","QC",840
"BEECHVILLE","NS",840
"CUPAR","SK",839
"WILMOT","NS",839
"LYNDHURST","ON",839
"COE HILL","ON",838
"PARISVILLE","QC",838
"DIVISION NO.  5, SUBD. F","NL",838
"NORTHERN SUNRISE COUNTY","AB",837
"GROSSE-ILE","QC",836
"ROSSLYN","ON",835
"PONTYPOOL","ON",835
"ELROSE","SK",835
"HUMBER ARM SOUTH","NL",834
"OAK BLUFF","MB",833
"ST GEORGE","NB",833
"ARGYLE","MB",833
"MORPETH","ON",833
"BAILIEBORO","ON",831
"LINGWICK","QC",830
"CARBON","AB",829
"ELSIPOGTOG FIRST NATION","NB",828
"WELLANDPORT","ON",825
"MOUNT MORIAH","NL",825
"BATTERSEA","ON",825
"PORT FRANKS","ON",823
"MOUNT WADDINGTON A","BC",822
"NATASHQUAN","QC",822
"NORRIS POINT","NL",822
"LITCHFIELD","QC",822
"RIDING MOUNTAIN WEST","MB",822
"WHITEFISH","ON",821
"CROFTON","BC",820
"SLIAMMON 1","BC",820
"ALBERTON","ON",820
"GREENFIELD","NS",819
"EASTMAIN","QC",819
"WATSON","SK",818
"SAINT-ALFRED","QC",818
"GROSSES-ROCHES","QC",818
"GRASSLAND","MB",818
"WELLINGTON","NS",817
"CURRAN","ON",816
"LAWN","NL",816
"PONTEIX","SK",816
"RESERVE MINES","NS",816
"ILE DES CHENES","MB",815
"RIVIERE-ETERNITE","QC",815
"IRMA","AB",815
"FLORENCEVILLE-BRISTOL","NB",815
"DIVISION NO. 22, UNORGANIZED","MB",814
"GILLAMS","NL",813
"VILLEROY","QC",813
"ATWOOD","ON",813
"GLENBURNIE","ON",813
"SAINT-AUGUSTIN","QC",812
"ODANAK","QC",812
"CENTREVILLE-WAREHAM-TRINITY","NL",812
"NAICAM","SK",811
"WEST COVE","AB",810
"NOTRE-DAME-DU-SACRE-COEUR-D'ISSOUDUN","QC",810
"HEPBURN","SK",810
"PETERVIEW","NL",810
"HARLEY","ON",810
"COMMUNAUTE ATIKAMEKW DE MANAWAN","QC",810
"METEGHAN RIVER","NS",809
"SOURIS WEST","PE",808
"SEVERN BRIDGE","ON",808
"THEDFORD","ON",808
"RAYMORE","SK",808
"AIR RONGE","SK",807
"ROCKCLIFFE","ON",807
"SAINT-URBAIN-DE-CHARLEVOIX","QC",807
"M'CHIGEENG 22","ON",806
"CUT KNIFE","SK",805
"BALMORAL","NB",805
"HUNTER RIVER","PE",805
"SAINT-CLEMENT","QC",804
"SAINT-SIMON-LES-MINES","QC",804
"SAINT-AUGUSTIN-DE-WOBURN","QC",802
"DUNDURN","SK",802
"GILFORD","ON",802
"KEMBLE","ON",802
"RYLEY","AB",800
"FORT VERMILION","AB",800
"KARS","ON",800
"SAINT-CAMILLE","QC",800
"INGLEWOOD","ON",799
"SAINT-ANDRE-DU-LAC-SAINT-JEAN","QC",799
"BIG RIVER","SK",799
"ABERDEEN","SK",798
"LAC-DES-SEIZE-ILES","QC",795
"UTOPIA","ON",795
"CHIPPEWAS OF RAMA FIRST NATION","ON",794
"ABERCORN","QC",792
"NOTRE-DAME","NB",791
"EAST SELKIRK","MB",791
"BRIDGENORTH","ON",790
"ROSSER","MB",790
"SAINT-ROBERT-BELLARMIN","QC",789
"DELAWARE","ON",788
"ALVINSTON","ON",788
"BRUSSELS","ON",788
"RAINBOW LAKE","AB",787
"MOUNT CURRIE","BC",786
"NOTRE-DAME-DU-ROSAIRE","QC",786
"AKWESASNE","QC",785
"CARMACKS","YT",785
"SAINT-GABRIEL-LALEMANT","QC",784
"ST MALO","MB",784
"CAMPBELLTON","NL",784
"KEEWATIN","ON",783
"VERNER","ON",783
"WALTHAM","QC",782
"COCHRANE, UNORGANIZED, NORTH PART","ON",782
"BORDEN","ON",781
"MILLGROVE","ON",780
"ONEIDA 41","ON",780
"SHIELDS","SK",780
"QUEENSVILLE","ON",779
"ELLERSHOUSE","NS",778
"ROSSEAU","ON",776
"SAINT-LEONARD","NB",775
"PORT SAUNDERS","NL",775
"GRAND MARAIS","MB",775
"PORT HOWE","NS",774
"TEESWATER","ON",773
"GARNISH","NL",773
"LA VALLEE","ON",772
"ST CLEMENTS","ON",771
"NANTICOKE","ON",771
"SAINT-DENIS-DE LA BOUTEILLERIE","QC",770
"DRUMBO","ON",770
"NELSON HOUSE 170","MB",770
"MOISIE","QC",769
"FOSTER","QC",769
"PELEE","ON",766
"STANDON","QC",765
"INUKJUAK","QC",765
"FORT ALEXANDER 3","MB",764
"MINITONAS-BOWSMAN","MB",764
"CUPIDS","NL",764
"CALEDONIA","NS",763
"DESBARATS","ON",763
"NOELVILLE","ON",763
"ISLAND LAKE","AB",759
"BERWYN","AB",759
"BIRCHY BAY","NL",759
"BASSIN","QC",759
"SAINT-EUGENE-D'ARGENTENAY","QC",758
"CENTREVILLE","NS",758
"VERONA","ON",758
"BAS-CARAQUET","NB",758
"GRANDE-RIVIERE-OUEST","QC",758
"BRACKLEY","PE",758
"SAINT-MARCEL-DE-RICHELIEU","QC",757
"ST-JOSEPH-DE-MADAWASKA","NB",756
"ST ALBERT","ON",756
"GLENBORO-SOUTH CYPRESS","MB",756
"SPRINGFIELD","ON",756
"SAINT-FRANCOIS-DE-L'ILE-D'ORLEANS","QC",756
"MATHESON","ON",755
"SAINT-SIXTE","QC",755
"NOTRE-DAME-DE-HAM","QC",753
"CARMANGAY","AB",753
"PIKWAKANAGAN","ON",753
"TARA","ON",752
"KILLARNEY","ON",752
"CHIPMAN","NB",752
"LUMSDEN","NL",751
"LANDMARK","MB",750
"RUTHVEN","ON",750
"BRIGUS","NL",749
"KUUJJUARAPIK","QC",746
"ST-FRANCOIS-DE-LA-RIVIERE-DU-S","QC",745
"ASQUITH","SK",745
"CRYSLER","ON",745
"SAINT-SIMEON-DE-BONAVENTURE","QC",745
"PALMER RAPIDS","ON",745
"WILLIAMSBURG","ON",743
"CAROLINE","AB",743
"TARBUTT AND TARBUTT ADDITIONAL","ON",742
"WOLFE ISLAND","ON",741
"VAL-D'AMOUR","NB",740
"RIVIERE-VERTE","NB",740
"SAINT-JEAN-D'ORLEANS","QC",740
"SLOCAN","BC",739
"GRAND-SAINT-ESPRIT","QC",738
"SPECIAL AREA NO. 3","AB",738
"PORT BLANDFORD","NL",738
"BEACHBURG","ON",738
"CHARTIERVILLE","QC",738
"BAIE-SAINTE-ANNE","NB",737
"ST-JOACHIM-DE-MONTMORENCY","QC",737
"GRAHAMDALE","MB",736
"SAINT-VIANNEY","QC",735
"SAINTE-SERAPHINE","QC",735
"PORT HOOD","NS",735
"SAINT-LEANDRE","QC",735
"HILDEN","NS",735
"MA-ME-O BEACH","AB",735
"NORTH AUGUSTA","ON",734
"LEROY","SK",733
"SAINT-JULES","QC",731
"ALONSA","MB",730
"COLDWELL","MB",730
"BOISSEVAIN","MB",730
"SAINT-ALPHONSE","QC",730
"BEAR RIVER","NS",728
"LORETTO","ON",727
"PLEASANTVILLE","NS",726
"LAC-EDOUARD","QC",726
"ACADIAN PENINSULA / PENINSULE ACADIENNE","NB",726
"ST WILLIAMS","ON",725
"NORTH WEST RIVER","NL",725
"WAASIS","NB",724
"IRON BRIDGE","ON",722
"LA REDEMPTION","QC",722
"SHANNONVILLE","ON",721
"GRAND RAPIDS","MB",721
"COLUMBIA SHUSWAP B","BC",720
"SHEA HEIGHTS","NL",720
"SHARBOT LAKE","ON",719
"PETITCODIAC","NB",718
"ULVERTON","QC",718
"CHALK RIVER","ON",717
"DOUGLAS","NB",716
"CALIXA-LAVALLEE","QC",716
"KESWICK RIDGE","NB",715
"ROSLIN","ON",715
"RICHIBUCTO ROAD","NB",715
"ASTORVILLE","ON",714
"SOOWAHLIE 14","BC",714
"AWERES TWP","ON",713
"FLORENCE","NS",713
"COLE HARBOUR","NS",712
"SUSSEX CORNER","NB",712
"EATONIA","SK",711
"CREMONA","AB",711
"GARDEN BAY","BC",709
"VILNA","AB",709
"CHARLO","NB",709
"BALDWIN","ON",709
"PORT BURWELL","ON",709
"GODBOUT","QC",708
"LEVACK","ON",708
"KYLE","SK",707
"MABOU","NS",707
"RADISSON","SK",707
"LOT 11 AND AREA","PE",706
"ROSS RIVER","YT",705
"COOMBS","BC",704
"LA BROQUERIE WEST","MB",704
"PLATTSVILLE","ON",704
"SPRUCEDALE","ON",703
"HARE BAY","NL",702
"PETERSBURG","ON",702
"ST ISIDORE","ON",701
"RICHARDS LANDING","ON",700
"HAILEYBURY","ON",700
"COLE HARBOUR 30","NS",700
"SAINTE-RITA","QC",699
"LAMEQUE","NB",699
"YOUBOU","BC",699
"DUCK LAKE","SK",699
"SAINTE-HELENE-DE-CHESTER","QC",698
"MILAN","QC",698
"ST LAURENT","MB",698
"PHELPSTON","ON",697
"WILLIAMSWOOD","NS",696
"WARNER","AB",695
"SAINTE-FLORENCE","QC",695
"ONANOLE","MB",695
"BERTRAND","NB",694
"CARLSBAD SPRINGS","ON",694
"CLANWILLIAM-ERICKSON","MB",694
"SAINT-NOEL","QC",693
"ELIZABETHTOWN","ON",693
"NORGLENWOLD","AB",692
"BETHANY","ON",690
"FUGEREVILLE","QC",690
"ALLENFORD","ON",689
"SAINT-ODILON","QC",689
"THOMPSON-NICOLA I (BLUE SKY COUNTRY)","BC",688
"LEAF RAPIDS","MB",687
"LAKESHORE","MB",686
"VICTORIA","MB",684
"PLAINFIELD","ON",684
"BOIS-FRANC","QC",681
"REINLAND","MB",681
"SAINT-LOUIS-DU-HA-HA","QC",681
"YORK","PE",681
"CROSS LAKE 19A","MB",680
"MARTINVILLE","QC",679
"PRIEST'S VALLEY 6","BC",678
"SAINT-EDOUARD-DE-FABRE","QC",678
"KETTLE AND STONY POINT FN","ON",677
"PENNFIELD","NB",677
"HEAD OF ST MARGARETS BAY","NS",676
"FISHER","MB",676
"NORWAY HOUSE 17","MB",676
"L'ANSE AU LOUP","NL",675
"SAINT-DAMASE-DE-L'ISLET","QC",674
"CASTLETON","ON",673
"ELGIN","QC",673
"GODFREY","ON",673
"SAINTE-PAULE","QC",672
"COTE-NORD-DU-GOLFE-DU-SAINT-LAURENT","QC",672
"HANLEY","SK",672
"WALTON","NS",670
"JASPER","ON",670
"MEADOWS","NL",668
"SQUATEC","QC",667
"JOHNSTOWN","ON",667
"CENTRAL BUTTE","SK",667
"ANGLEMONT","BC",667
"ETHELBERT","MB",667
"ELMWOOD","ON",667
"ROQUEMAURE","QC",666
"SAINT-FRANCOIS-DE-MADAWASKA","NB",666
"EAGLE BAY","BC",665
"DIVISION NO.  7, SUBD. K","NL",664
"LASCIE","NL",664
"FRANQUELIN","QC",663
"LUNENBURG","ON",663
"WALLENSTEIN","ON",662
"CABRI","SK",660
"SAINT-PIE-DE-GUIRE","QC",660
"EMERALD PARK","SK",660
"SAINT-ALEXIS-DE-MONTCALM","QC",660
"ALLARDVILLE","NB",660
"ST ANDREWS WEST","ON",660
"SAINT-THARCISIUS","QC",659
"BARONS","AB",659
"CRAPAUD, PART 2","PE",658
"STANSTEAD-EST","QC",658
"PABOS MILLS","QC",657
"ST ANNS","ON",656
"BOTHWELL","ON",655
"PENSE","SK",655
"SAINT-AIME","QC",655
"CREDITON","ON",655
"HILLSDALE","ON",655
"VAL THERESE","ON",654
"NAPAN","NB",654
"MAYNOOTH","ON",653
"LUND","BC",653
"MONTMARTRE","SK",653
"SOUTH RIVER","NL",653
"WESTMEATH","ON",652
"COURTLAND","ON",652
"SAINT-DOMINIQUE-DU-ROSAIRE","QC",651
"OPASKWAYAK","MB",650
"SAINT-JULIEN","QC",650
"CAPE ST. GEORGE","NL",650
"SAINT-GODEFROI","QC",650
"DONNELLY","AB",650
"HILLSBOROUGH","NB",650
"MARICOURT","QC",650
"MACPHERSON-GRIZZLY VALLEY","YT",650
"SPRINGBROOK","AB",648
"TRURO HEIGHTS","NS",647
"RIVERS","MB",647
"WIARTON","ON",646
"KINNEAR'S MILLS","QC",645
"BRIGHT","ON",644
"EBB AND FLOW 52","MB",644
"SAINT-ADELPHE-DE-CHAMPLAIN","QC",644
"STANDARD","AB",644
"REYNOLDS","MB",644
"SHALLOW LAKE","ON",643
"CAWSTON","BC",643
"CRAIK","SK",643
"DEROCHE","BC",640
"SAINT-MARCEL","QC",640
"LOWER COVERDALE","NB",639
"RICHIBOUCTOU-VILLAGE","NB",639
"HEBERTVILLE-STATION","QC",638
"DONALDA","AB",638
"ARISS","ON",638
"ST PIERRE JOLYS","MB",636
"ABERDEEN NO. 373","SK",636
"MALIOTENAM","QC",636
"WHITES LAKE","NS",636
"RAPIDE-DANSEUR","QC",636
"SAINT-SIMON-DE-BAGOT","QC",635
"SAINT-STANISLAS-DE-CHAMPLAIN","QC",635
"STONY MOUNTAIN","MB",634
"EDGERTON","AB",634
"KAMINISTIQUIA","ON",633
"DELORAINE","MB",633
"RIDGEVILLE","ON",632
"OHSWEKEN","ON",632
"STE-MARGUERITE-DE-DORCHESTER","QC",631
"RIVIERE-AU-TONNERRE","QC",631
"AKWESASNE","ON",631
"SAINT-PROSPER-DE-CHAMPLAIN","QC",630
"SAINT-ADRIEN-D'IRLANDE","QC",630
"PIERCELAND","SK",630
"CLYDE","AB",629
"WABASCA","AB",629
"OLDCASTLE","ON",629
"ATHOLVILLE","NB",629
"SPRINGSIDE","SK",628
"ESPRIT-SAINT","QC",627
"WINDSOR JUNCTION","NS",627
"LAKESIDE","NS",627
"ROGERSVILLE","NB",624
"ROSEMARY","AB",624
"CAMPBELLCROFT","ON",624
"THOMPSON-NICOLA N (BEAUTIFUL NICOLA VALLEY - SOUTH)","BC",624
"MILLER LAKE","ON",623
"SAINTE-CECILE-DE-LEVRARD","QC",623
"HEAD OF JEDDORE","NS",623
"OAKWOOD","ON",623
"COX'S COVE","NL",622
"ELBOW","SK",622
"HAVRE BOUCHER","NS",622
"SALTCOATS","SK",622
"CANSO","NS",620
"NAMPA","AB",620
"ELGINBURG","ON",620
"TAMWORTH","ON",620
"SAINT-PAUL-DE-LA-CROIX","QC",619
"NORMAN WELLS","NT",618
"NORTON","NB",618
"RANKIN LOCATION 15D","ON",618
"BONNE-ESPERANCE","QC",618
"NORTH RIVER","NS",617
"CAISTOR CENTRE","ON",617
"MOSER RIVER","NS",617
"OXFORD STATION","ON",616
"KEBAOWEK","QC",616
"AVONLEA","SK",616
"MIDALE","SK",616
"SAINT-EDOUARD-DE-NAPIERVILLE","QC",616
"CHAPEL ISLAND 5","NS",616
"LONG PLAIN 6","MB",616
"COLPITTS SETTLEMENT","NB",615
"MULHURST BAY","AB",615
"YELLOW GRASS","SK",614
"ROCKGLEN","SK",614
"RODDICKTON-BIDE ARM","NL",614
"BIRCH HILLS COUNTY","AB",614
"SANDY BAY 5","MB",614
"TORRANCE","ON",613
"SAWYERVILLE","QC",611
"DORION","ON",611
"BELLE EWART","ON",611
"PORT CLEMENTS","BC",611
"SAINT-NAZAIRE-DE-DORCHESTER","QC",611
"OAKLAND-WAWANESA","MB",610
"SACRE-COEUR-DE-JESUS","QC",610
"UASHAT","QC",610
"STEADY BROOK","NL",609
"ALDER FLATS","AB",609
"NOKOMIS","SK",609
"ALBANY","PE",609
"SEAGRAVE","ON",609
"PEACE NO. 135","AB",608
"LOUISDALE","NS",608
"GLEN WILLIAMS","ON",607
"COLONSAY","SK",607
"CONMEE","ON",606
"AFTON STATION","NS",606
"ROULEAU","SK",606
"BAULINE","NL",605
"SHEENBORO","QC",605
"LYN","ON",605
"VIENNA","ON",605
"HUBBARDS","NS",605
"DIVISION NO.  8, SUBD. H","NL",604
"SEBRIGHT","ON",604
"MELBOURNE","ON",604
"HYTHE","AB",604
"SPECIAL AREA NO. 4","AB",604
"VAL RITA-HARTY","ON",604
"THE NORTH SHORE","ON",604
"GLENDON","AB",603
"HATCHET LAKE","NS",602
"GRAND-METIS","QC",600
"SAINT-JOSEPH-DE-KAMOURASKA","QC",600
"THREE MILE PLAINS","NS",599
"LONGVIEW","AB",598
"WILLOW GROVE","NB",598
"BAINSVILLE","ON",598
"SARNIA 45","ON",598
"SPRINGFIELD","NS",597
"HOLDEN","AB",596
"SQUAMISH-LILLOOET A","BC",596
"PLASTER ROCK","NB",596
"HAVRE-AUBERT","QC",595
"PUGWASH","NS",595
"HOPE TOWN","QC",595
"LOWER SOUTH RIVER","NS",595
"SAINT-JEAN-DE-LA-LANDE","QC",594
"JOCELYN","ON",594
"APPLE HILL","ON",594
"NEWTONVILLE","ON",592
"SAINT-VALENTIN","QC",592
"CHAPPLE","ON",592
"WENTWORTH","NS",591
"DOVER","NL",591
"STE ROSE DU LAC","MB",591
"SILVERTON","BC",591
"ST-BARNABE-NORD","QC",591
"BARNSTON-OUEST","QC",590
"NICTAUX","NS",590
"CLARKES BEACH","NL",590
"SAINT-EUGENE-DE-GRANTHAM","QC",588
"CLOYNE","ON",588
"TANGIER","NS",588
"NAUGHTON","ON",588
"SAINTE-LUCIE-DE-BEAUREGARD","QC",588
"EAST RIVER, PART 2","PE",588
"ASTON-JONCTION","QC",587
"WINTERTON","NL",587
"SAINT-ZENON-DU-LAC-HUMQUI","QC",586
"HILTON","ON",586
"ELNORA","AB",585
"BELLETERRE","QC",585
"GARLANDS CROSSING","NS",585
"ACHESON","AB",585
"ANNAN","ON",584
"ABRAM-VILLAGE","PE",584
"SAINT-EDMOND-LES-PLAINES","QC",582
"NESTLETON STATION","ON",580
"IMPERIAL","SK",580
"LOCHABER","QC",580
"O'CONNOR","ON",580
"PORT EDWARD","BC",579
"COMMUNAUTE DE WEMOTACI","QC",578
"LAKEHURST","ON",578
"BUCKLAND","QC",577
"HAY LAKES","AB",577
"CANFIELD","ON",577
"SHIGAWAKE","QC",576
"SAMIAJIJ MIAWPUKEK","NL",576
"COUTTS","AB",576
"SHERBROOKE","NS",575
"MARTINTOWN","ON",575
"CALVIN","ON",574
"LAKE OF THE WOODS","ON",574
"NEDELEC","QC",573
"QUILL LAKE","SK",573
"STURGEON LAKE 101","SK",572
"EEL RIVER CROSSING","NB",572
"UNION","ON",572
"SOUTH INDIAN LAKE","MB",572
"MOUNT ELGIN","ON",571
"OAKLAND","ON",571
"SUMMERSTOWN","ON",571
"TERRA COTTA","ON",571
"MARYFIELD","SK",570
"CARTWRIGHT-ROBLIN","MB",570
"SAINT-FORTUNAT","QC",570
"OGEMA","SK",570
"MCGARRY","ON",570
"LEJEUNE","QC",570
"NEW DUNDEE","ON",570
"DUNDEE","QC",570
"TESLIN","YT",570
"BETHUNE","SK",569
"COW HEAD","NL",569
"JOHNSTONS RIVER","PE",569
"GOODWOOD","ON",568
"CHARLTON AND DACK","ON",568
"EGAN-SUD","QC",568
"PLEVNA","ON",568
"BLAINE LAKE","SK",567
"METEGHAN","NS",566
"STRAFFORDVILLE","ON",566
"RAMEA","NL",565
"MOUNT STEWART","PE",565
"BROOKFIELD","NS",564
"WHITECAP","SK",564
"KUGLUKTUK","NU",564
"BIG VALLEY","AB",564
"DUGALD","MB",563
"PLAMONDON","AB",563
"ISLE AUX MORTS","NL",562
"VETERAN","AB",562
"ROMAINE 2","QC",562
"ALLEYN-ET-CAWOOD","QC",562
"HAMPDEN","NL",562
"AYTON","ON",561
"FRASERVILLE","ON",561
"CAMBRIDGE-NARROWS","NB",561
"HUDSON","ON",561
"CHIPMAN","AB",560
"LARRYS RIVER","NS",560
"BRIGDEN","ON",559
"BLUCHER NO. 343","SK",558
"GUERIN","QC",558
"MUENSTER","SK",558
"SKIDEGATE 1","BC",558
"LOUISBOURG","NS",557
"GRAND COULEE","SK",556
"CAESAREA","ON",556
"MUSQUODOBOIT HARBOUR","NS",555
"BAWLF","AB",554
"CLAIR","NB",554
"JOLY","QC",553
"TAILLON","QC",553
"ST GEORGES","NL",553
"SAINT-ELOI","QC",552
"SAINT-JEAN-DE-BREBEUF","QC",552
"CHAUVIN","AB",552
"ALDOUANE","NB",552
"MATTICE-VAL COTE","ON",552
"ALCOVE","QC",551
"NEILBURG","SK",550
"SAINT-MAJORIQUE","QC",550
"AVONDALE","NL",550
"PELLY CROSSING","YT",549
"MILFORD","NS",548
"WHISPERING HILLS","AB",548
"MOOSE CREEK","ON",548
"LAFLECHE","SK",547
"ELK RIDGE","SK",546
"WINTERLAND","NL",545
"SAINTE-MADELEINE-DE-LA-RIVIERE-MADELEINE","QC",544
"PICKLE LAKE","ON",544
"CARIBOO J","BC",544
"COMBER","ON",544
"HAM-SUD","QC",544
"BELL ISLAND","NL",544
"BROME","QC",542
"SHEDIAC CAPE","NB",542
"LEFAIVRE","ON",542
"BURTTS CORNER","NB",541
"ST FRANCOIS XAVIER","MB",540
"STAR CITY","SK",540
"WHYCOCOMAGH 2","NS",540
"MANITOWANING","ON",539
"ST. BASILE 10","NB",538
"TABUSINTAC","NB",538
"WESTPHAL","NS",537
"RIVIERE-SAINT-JEAN","QC",537
"HOLLAND CENTRE","ON",535
"BELLA BELLA 1","BC",534
"SOUTH SAANICH 1","BC",534
"SAINT-LOUIS","NB",534
"REMIGNY","QC",534
"LA TRINITE-DES-MONTS","QC",534
"GEORGETOWN","PE",533
"BONSHAW","PE",533
"CARCROSS","YT",533
"VANSCOY","SK",533
"HEFFLEY CREEK","BC",533
"CENTRAL COAST C","BC",532
"SAINTE-IRENE","QC",532
"SAGAMOK","ON",532
"ST EUGENE","ON",531
"SAINTE-HEDWIDGE-DE-ROBERVAL","QC",531
"PARKLAND BEACH","AB",530
"FRONTIER","SK",530
"STOCKHOLM","SK",530
"BURNT CHURCH FIRST NATION","NB",530
"GEARY","NB",530
"EAST PRESTON","NS",529
"HINES CREEK","AB",529
"ROCKYFORD","AB",529
"GRANDE POINTE","MB",529
"ALMA","ON",528
"DOUGLAS","ON",528
"SAINT-PHILIBERT","QC",528
"APPLETON","NL",528
"SINGHAMPTON","ON",527
"MACGREGOR","MB",527
"WARDEN","QC",526
"RM OF DUNDURN","SK",526
"LOWER NICOLA","BC",526
"STANLEY 157","SK",526
"LANCASTER","ON",526
"MOUNT PLEASANT","ON",525
"KANGIRSUK","QC",525
"ALDERVILLE FIRST NATION","ON",524
"ENTERPRISE","ON",524
"WEST CHEZZETCOOK","NS",523
"COW BAY","NS",523
"MEADOWVALE","NS",523
"MCDONALDS CORNERS","ON",523
"FOGO","NL",522
"LAC-FRONTIERE","QC",522
"GASCONS","QC",522
"LAC-DES-ILES","QC",522
"BRANCHTON","ON",522
"MOSSBANK","SK",521
"CENTRAL KINGS","PE",520
"BLYTH","ON",520
"MOFFET","QC",519
"LA REINE","QC",519
"ST PETERS","NS",519
"SOMBRA","ON",519
"AGUANISH","QC",518
"MATACHEWAN","ON",518
"TSUUT'INA","AB",517
"WROXETER","ON",517
"PRICEVILLE","ON",516
"THEODORE","SK",516
"COMFORT COVE-NEWSTEAD","NL",516
"BURSTALL","SK",516
"VITTORIA","ON",516
"LUTES MOUNTAIN","NB",514
"ST LOUIS","PE",514
"ST. WALBURG","SK",514
"WASKATENAU","AB",511
"MONKTON","ON",511
"MARSOUI","QC",510
"DIVISION NO.  7, SUBD. M","NL",510
"SAINT-GERMAIN-DE-KAMOURASKA","QC",510
"ARVA","ON",510
"SAINT-THURIBE","QC",510
"SAINT-ELZEAR-DE-TEMISCOUATA","QC",510
"SAINTE-MONIQUE-LAC-SAINT-JEAN","QC",509
"D'ESCOUSSE","NS",509
"CHURCHILL","ON",509
"KAWAWACHIKAMACH","QC",507
"AUTHIER-NORD","QC",507
"BREDENBURY","SK",507
"CHRISTIAN ISLAND","ON",506
"BURGESSVILLE","ON",506
"CAP-D'ESPOIR","QC",506
"ROCHON SANDS","AB",506
"MORRIN","AB",506
"VIBANK","SK",505
"FRASER VALLEY A","BC",504
"NEW CREDIT (PART) 40A","ON",504
"SILVER STAR","BC",504
"SAINT-LOUIS-DE-KENT","NB",502
"ELGIN","NB",502
"KENSINGTON, PART 2","PE",502
"NACKAWIC","NB",502
"DIVISION NO.  7, SUBD. E","NL",502
"KAGAWONG","ON",501
"DELTA","ON",501
"GRIFFITH","ON",500
"TURTLEFORD","SK",500
"WEST PINE RIDGE","MB",500
"FINCH","ON",500
"REDBRIDGE","ON",499
"WARREN GROVE","PE",499
"WEST MONTROSE","ON",499
"HANTSPORT","NS",499
"NEMASKA","QC",498
"FALKLAND","BC",498
"ST AGATHA","ON",498
"JUDIQUE","NS",498
"CHIPPEWAS OF THE THAMES FIRST NATION 42","ON",498
"ALBERTVILLE","QC",498
"SAINT-OCTAVE-DE-METIS","QC",498
"WATERVILLE","NS",498
"OAK BAY","NB",497
"MAGNA BAY","BC",497
"LATCHFORD","ON",497
"CHEMAWAWIN 2","MB",496
"SWASTIKA","ON",496
"CANNING","NS",496
"SAINT-CLEOPHAS","QC",495
"LAC BAKER","NB",495
"TIMISKAMING","QC",494
"UPPER SACKVILLE","NS",494
"HEBRON","NS",493
"ALAMEDA","SK",493
"NUTASHKUAN","QC",492
"RIVER RYAN","NS",492
"LA VISITATION-DE-YAMASKA","QC",492
"WHITE FOX","SK",492
"BETHANIE","QC",492
"OBEDJIWAN","QC",491
"CHICHESTER","QC",490
"YELLOWSTONE","AB",489
"CHELTENHAM","ON",489
"SAINT-NEREE","QC",489
"EAST HEREFORD","QC",488
"HAVELOCK","NB",488
"CHAPEL ARM","NL",488
"TYNDALL","MB",488
"ORKNEY NO. 244","SK",488
"GLADSTONE","MB",487
"SAINT-LEON","QC",487
"MALAKWA","BC",487
"BLACKVILLE","NB",486
"ALBERNI-CLAYOQUOT B","BC",486
"KISPIOX 1","BC",486
"MEMBERTOU","NS",485
"SAINT-VALERIEN-DE-RIMOUSKI","QC",484
"CURVE LAKE","ON",484
"CONESTOGO","ON",483
"VONDA","SK",483
"RICHMOND","PE",483
"KANGIQSUJUAQ","QC",483
"ROYSTON","BC",483
"NEYAASHIINIGMIING 27","ON",482
"MATIMEKOSH","QC",482
"WARREN","ON",482
"EAST BROUGHTON STATION","QC",482
"SUNBREAKER COVE","AB",482
"GREAT VILLAGE","NS",481
"SAINT-CHARLES","NB",480
"CHARTERS SETTLEMENT","NB",480
"TROUT RIVER","NL",480
"CORMAN PARK","SK",480
"NORWAY HOUSE","MB",480
"MEOTA","SK",479
"LOGY BAY","NL",479
"LISLE","ON",478
"SUNRISE BEACH","AB",478
"COURCELLES","QC",478
"VICTORIA","PE",478
"EEL GROUND 2","NB",478
"DOVER CENTRE","ON",478
"GRANDE-ANSE","NB",477
"HARRIETSFIELD","NS",477
"SCOUDOUC","NB",476
"WILSONVILLE","ON",476
"NIGADOO","NB",476
"MADDINGTON FALLS","QC",476
"VERMILION BAY","ON",475
"BOUTILIERS POINT","NS",475
"DEMORESTVILLE","ON",475
"PERDUE","SK",475
"ILE DU GRAND-CALUMET","QC",475
"VAUGHAN","NS",475
"CHERRY VALLEY","ON",475
"SHUBENACADIE","NS",474
"DUCLOS","QC",474
"FIELD","ON",473
"HARRISON MILLS","BC",473
"BENGOUGH","SK",472
"GITANMAAX 1","BC",472
"BRAGG CREEK","AB",472
"SAINT-SEVERE","QC",472
"UPPER KINGSCLEAR","NB",471
"SAINTE-MARIE-SAINT-RAPHAEL","NB",471
"CHERRYVILLE","BC",471
"REINFELD","MB",470
"ESSIPIT","QC",469
"MONASTERY","NS",469
"SHAKESPEARE","ON",468
"WEST POINT","PE",468
"GULL LAKE","AB",468
"GROS-MECATINA","QC",468
"MANITOU","MB",468
"GORES LANDING","ON",467
"ASHMONT","AB",466
"HALEY STATION","ON",466
"MARION BRIDGE","NS",466
"MANITOULIN, UNORGANIZED, WEST PART","ON",466
"THORHILD","AB",465
"SOUTH BROOKFIELD","NS",465
"DUNMORE","AB",465
"FAUQUIER-STRICKLAND","ON",464
"RAINY RIVER, UNORGANIZED","ON",464
"ST LAWRENCE","NL",464
"MOOSE JAW NO. 161","SK",464
"KATRINE","ON",463
"FORT SIMPSON","NT",463
"VICTORIA CB","NL",463
"GALLIX","QC",463
"VINELAND STATION","ON",463
"SPIRIT RIVER NO. 133","AB",462
"ROBERT'S ARM","NL",462
"BURNT ISLANDS","NL",462
"BRENDA-WASKADA","MB",462
"FRASER-FORT GEORGE E","BC",462
"MONT-SAINT-PIERRE","QC",462
"STE GENEVIEVE","MB",461
"CLAVET","SK",461
"BEACHVILLE","ON",460
"REXTON","NB",460
"ENTWISTLE","AB",460
"MINEVILLE","NS",460
"POINTE-VERTE","NB",460
"PINCHER CREEK NO. 9","AB",460
"MILFORD","ON",460
"THOMASBURG","ON",460
"TOBIQUE FIRST NATION","NB",459
"NEUDORF","SK",459
"UPPER MUSQUODOBOIT","NS",459
"HAFFORD","SK",459
"ASHBURN","ON",458
"LAFORCE","QC",458
"LATULIPE-ET-GABOURY","QC",458
"BARTON","NS",457
"GREEN VALLEY","ON",457
"INGONISH","NS",457
"SEBRINGVILLE","ON",457
"VAL-RACINE","QC",456
"COMBERMERE","ON",456
"LAKESIDE","ON",456
"SUNNYSIDE","NL",455
"SAINT-ISIDORE","NB",455
"TERENCE BAY","NS",454
"MORLEY","ON",454
"PORT MOUTON","NS",453
"NOTTAWA","ON",453
"SAINT-ANTOINE-ABBE","QC",453
"STANBRIDGE STATION","QC",453
"PRINCE TWP","ON",453
"KING'S POINT","NL",452
"LAKE LOON","NS",452
"CANAAN","NS",452
"SAINT-FRANCOIS-XAVIER-DE-VIGER","QC",452
"LAC LA HACHE","BC",451
"DINSMORE","SK",451
"EDAM","SK",451
"DURHAM BRIDGE","NB",451
"PILOT MOUND","MB",451
"SAINT-FELIX-DE-DALQUIER","QC",451
"WELLS","BC",451
"FORT WILLIAM FIRST NATION","ON",451
"BLACKS HARBOUR","NB",451
"SAINT-CHARLES-GARNIER","QC",451
"SAINTE-EDWIDGE-DE-CLIFTON","QC",450
"ARROWWOOD","AB",450
"ENGLEE","NL",450
"DAWSON","ON",448
"RIVERTON","MB",448
"GARDEN RIVER","ON",447
"WEST BROME","QC",447
"BRITT","ON",447
"ERRINGTON","BC",447
"WILSONS BEACH","NB",447
"SHEDIAC BRIDGE","NB",446
"ALBERNI-CLAYOQUOT C","BC",446
"ST. PETERS BAY","PE",446
"ARNOLDS COVE","NL",446
"SILVER SANDS","AB",446
"HARBOUR MAIN-CHAPEL'S COVE-LAKEVIEW","NL",446
"BILIJK","NB",446
"FITZROY HARBOUR","ON",446
"MOORETOWN","ON",446
"COLEMAN","AB",445
"VAN ANDA","BC",445
"STANHOPE","PE",445
"HUSSAR","AB",444
"BAIE-SAINTE-CATHERINE","QC",444
"MUNSTER","ON",444
"SALT SPRINGS","NS",444
"ST ANDREWS","NS",444
"FLYING DUST FIRST NATION 105","SK",444
"FORTEAU","NL",444
"NAIRN AND HYMAN","ON",444
"PROULXVILLE","QC",443
"TANTALLON","NS",443
"LYTTON","BC",443
"LOURDES-DE-BLANC-SABLON","QC",443
"SAINTE-ELIZABETH-DE-WARWICK","QC",442
"BREADALBANE","PE",442
"GLASLYN","SK",441
"LEMBERG","SK",441
"MARSHALL","SK",440
"CANWOOD","SK",440
"LINWOOD","ON",440
"DINGWALL","NS",440
"DALKEITH","ON",439
"HEBBVILLE","NS",439
"FACTORY ISLAND 1","ON",438
"RIVER DENYS","NS",438
"UPPER COVERDALE","NB",437
"CHAZEL","QC",437
"RUSTICO","PE",437
"NEW DENMARK","NB",437
"LAHAVE","NS",436
"HAUTE-ABOUJAGANE","NB",436
"UPPER RAWDON","NS",435
"MYRNAM","AB",435
"ELLISTON","NL",435
"NOONAN","NB",435
"CONNAUGHT","ON",434
"DELIA","AB",433
"MOSSLEY","ON",432
"PAIN COURT","ON",432
"GLEN HAVEN","NS",432
"AUTHIER","QC",432
"TIDE HEAD","NB",432
"MAPLE LEAF","ON",432
"SAINT-MEDARD","QC",432
"KANGIQSUALUJJUAQ","QC",432
"QUATHIASKI COVE","BC",431
"ST-PIERRE-DE-LA-RIVIERE-DU-SUD","QC",431
"PINANTAN LAKE","BC",431
"FILLMORE","SK",431
"SAINTE-FAMILLE","QC",431
"PETTY HARBOUR","NL",430
"WILEVILLE","NS",430
"TATAMAGOUCHE","NS",430
"PORT ROBINSON","ON",430
"SAINT-ALEXANDRE-DES-LACS","QC",430
"INNISFREE","AB",429
"HOPEWELL","NS",429
"YOUNG","SK",429
"PORTAGE-DU-FORT","QC",429
"ROBERTVILLE","NB",429
"MCLEAN","SK",428
"MOUNTAIN (NORTH)","MB",428
"SAINTE-EUPHEMIE-SUR-RIVIERE-DU-SUD","QC",428
"RED BANK 4","NB",428
"STARLAND COUNTY","AB",428
"ONSLOW MOUNTAIN","NS",427
"NORTH LANCASTER","ON",427
"SAINT-GILBERT","QC",426
"MAYO","YT",426
"JACKSONVILLE","NB",426
"PROTON STATION","ON",426
"CELISTA","BC",426
"NAIN","NL",425
"EDEN","ON",424
"ROBLIN","ON",424
"WHITE SANDS","AB",424
"SEABIRD ISLAND","BC",424
"DUNLOP","NB",424
"OLD PERLICAN","NL",424
"CAMPBELL RIVER 11","BC",424
"KENASTON","SK",423
"NORTH RIVER","NL",422
"RIVER BOURGEOIS","NS",422
"HAMPSHIRE","PE",422
"SAINTE-ANNE-DE-KENT","NB",422
"PRITCHARD","BC",421
"SAINT-PASCAL-BAYLON","ON",421
"GRAND RAPIDS 33","MB",420
"LANIEL","QC",419
"LA CROCHE","QC",418
"NORMAN'S COVE-LONG COVE","NL",418
"BAKER BROOK","NB",418
"CROSS LAKE","MB",418
"HIGHLAND GROVE","ON",418
"MORSE","SK",417
"SHOAL LAKE","MB",417
"LEMIEUX","QC",417
"DORSET","ON",417
"KENILWORTH","ON",417
"SARSFIELD","ON",416
"PARADISE HILL","SK",416
"GERALDTON","ON",416
"BRINSTON","ON",416
"SAINT-EUGENE-DE-LADRIERE","QC",416
"SHEGUIANDAH","ON",416
"LEASK","SK",416
"LARK HARBOUR","NL",416
"BORDEN","SK",415
"FISHERVILLE","ON",415
"ROSS HAVEN","AB",414
"ELLICE-ARCHIE","MB",414
"CUMBERLAND BAY","NB",414
"NINE MILE RIVER","NS",413
"FOREST GROVE","BC",413
"SHERKSTON","ON",413
"GORRIE","ON",412
"COLEMAN","PE",412
"DIVISION NO.  4, SUBD. D","NL",412
"DIVISION NO.  1, SUBD. W","NL",412
"CLAYTON","ON",412
"LAC DES LOUPS","QC",411
"SOUTH TETAGOUCHE","NB",411
"GRONDINES","QC",411
"FERRYLAND","NL",411
"SHEDIAC RIVER","NB",411
"RAPIDES-DES-JOACHIMS","QC",411
"WYNNDEL","BC",411
"ISLAY","AB",411
"PETITE-VALLEE","QC",411
"EAST CHESTER","NS",411
"EVANTUREL","ON",410
"MAISONNETTE","NB",410
"BURPEE AND MILLS","ON",410
"HORSEFLY","BC",409
"GILLIES","ON",408
"SOUTH MOUNTAIN","ON",408
"RAVENNA","ON",407
"GRANTON","ON",407
"ZEALAND","NB",406
"LA MORANDIERE-ROCHEBAUCOURT","QC",406
"TSAHAHEH 1","BC",406
"LOWER WOODS HARBOUR","NS",406
"LIPTON","SK",406
"WASA","BC",405
"MANAWAN","QC",405
"ST-GABRIEL-DE-KAMOURASKA","QC",405
"KRESTOVA","BC",405
"ISSOUDUN","QC",405
"APPIN","ON",405
"RAMA","ON",404
"TOLEDO","ON",403
"WHITNEY","ON",403
"ERSKINE","AB",403
"BLACKIE","AB",403
"MOFFAT","ON",403
"RUTHERGLEN","ON",403
"JERSEYVILLE","ON",402
"DIVISION NO.  8, SUBD. F","NL",402
"NOVAR","ON",402
"ROSE BLANCHE-HARBOUR LE COU","NL",402
"WOBURN","QC",401
"SPRING BAY","ON",401
"BEAVERDELL","BC",401
"LOWER MONTAGUE","PE",401
"BLACKFOOT","AB",400
"LA MARTRE","QC",400
"ENGLISHTOWN","NS",400
"DEVLIN","ON",400
"NATUASHISH 2","NL",400
"CACHE BAY","ON",399
"KWAWKWAWAPILT 6","BC",398
"QUAAOUT 1","BC",398
"CHEMAINUS 13","BC",398
"MOUNT WADDINGTON D","BC",396
"CANTON STANSTEAD","QC",396
"WINFIELD","AB",396
"SYDNEY FORKS","NS",396
"SIOUX NARROWS","ON",396
"LORNE","NB",396
"MARSDEN","SK",396
"KERWOOD","ON",395
"SCOTCHTOWN","NS",395
"M'CHIGEENG","ON",395
"ELDORADO","ON",395
"DEBDEN","SK",394
"ROSTHERN NO. 403","SK",394
"PIKOGAN","QC",394
"WINNIPEGOSIS","MB",393
"SHAG HARBOUR","NS",393
"GAINSBOROUGH","SK",393
"LOURDES","QC",393
"BELCOURT","QC",393
"NORTH TETAGOUCHE","NB",392
"NORTH COAST E","BC",392
"ZEPHYR","ON",392
"BALDONNEL","BC",391
"DOWLING","ON",391
"LOWER EAST PUBNICO","NS",391
"DRUMMOND","NB",391
"OUTER COVE","NL",391
"WHITEFISH RIVER 4","ON",390
"COLEMAN","ON",390
"SEDLEY","SK",390
"NELSON HOUSE","MB",390
"ANNANDALE - LITTLE POND - HOWE BAY","PE",390
"WAGMATCOOK 1","NS",390
"TURKEY POINT","ON",390
"HARRIS","ON",390
"GRANDVIEW","AB",390
"NORQUAY","SK",390
"MAUGERVILLE","NB",390
"BELLA COOLA","BC",389
"PORT AU PORT EAST","NL",388
"MILO","AB",388
"NICOLA MAMEET 1","BC",388
"DUFFERIN","MB",388
"UPPER HAMMONDS PLAINS","NS",387
"LOUGHEED","AB",387
"EAST LAWRENCETOWN","NS",387
"AMELIASBURGH","ON",386
"ACADIA NO. 34","AB",386
"WHITEHEAD","MB",386
"GEORGES RIVER","NS",386
"DIVISION NO.  1, SUBD. M","NL",386
"HEIDELBERG","ON",386
"NAUWIGEWAUK","NB",386
"LAVIGNE","ON",386
"SPRINGBROOK","ON",386
"TROUT CREEK","ON",385
"SEABRIGHT","NS",385
"SAINT-BERNARD-SUR-MER","QC",385
"KELLIHER","SK",385
"SAINT-DENIS-DE-LA-BOUTEILLERIE","QC",385
"NORTH PRESTON","NS",385
"PAQUETVILLE","NB",384
"GLENELLA-LANSDOWNE","MB",384
"NORTH CYPRESS-LANGFORD","MB",384
"MANOR","SK",383
"PELEE ISLAND","ON",383
"SWANSEA POINT","BC",383
"SAINT-PAUL","NB",383
"WOODSTOCK 23","NB",382
"TREPASSEY","NL",382
"BALDERSON","ON",382
"WILLIAMSFORD","ON",382
"CALAIS","AB",381
"UTOPIA","NB",381
"WALLACETOWN","ON",381
"SCHUMACHER","ON",381
"FORT FRASER","BC",381
"CHEHALIS 5","BC",380
"NAVIN","MB",380
"CRANBERRY PORTAGE","MB",380
"ARKONA","ON",380
"ST JOACHIM","ON",379
"WELLINGTON STATION","PE",379
"GREENWICH","NS",379
"GOVAN","SK",379
"MERMAID","PE",379
"SAINT-SIMON","NB",379
"BUCHANAN","SK",378
"LAUNAY","QC",378
"BUCK LAKE","AB",378
"BRANTVILLE","NB",378
"KILLARNEY ROAD","NB",378
"PARRSBORO","NS",378
"BRACKLEY BEACH","PE",378
"BELLA COOLA 1","BC",378
"SAINT-FRANCOIS-D'ORLEANS","QC",377
"BELMONT","NS",377
"ABERCROMBIE","NS",376
"NORTH COAST D","BC",376
"MONT-LOUIS","QC",376
"LIMEHOUSE","ON",376
"TRAYTOWN","NL",375
"GAGETOWN","NB",374
"GOWANSTOWN","ON",374
"TOWNSEND","ON",373
"CONNE RIVER","NL",373
"DRAKE","SK",373
"SAINT-ELPHEGE","QC",373
"WILLOW BUNCH","SK",372
"PADOUE","QC",372
"EVANSBURG","AB",372
"LOMOND","AB",371
"ARMSTRONG STATION","ON",370
"MINGAN","QC",370
"ENDERBY 2","BC",370
"GLENBORO","MB",370
"BEDEQUE","PE",370
"LA SALETTE","ON",369
"UMIUJAQ","QC",369
"ITALY CROSS","NS",369
"ARICHAT","NS",368
"SAVONA","BC",368
"KENOSEE LAKE","SK",368
"SAINTE-HELENE-DE-MANCEBOURG","QC",368
"NESTOR FALLS","ON",368
"NEWINGTON","ON",367
"EARL GREY","SK",366
"LORETTE WEST","MB",366
"FULFORD","QC",366
"SAINT-ALPHONSE-DE-CAPLAN","QC",366
"SAINT-ATHANASE","QC",366
"SMITHS COVE","NS",366
"SOUTH BAR","NS",365
"ONAPING","ON",365
"HAMPTON","NS",365
"ERICKSON","MB",365
"ST ALBANS","NL",365
"KITAMAAT 2","BC",364
"FISHER'S GRANT 24","NS",364
"SANDY COVE","NS",363
"BENOITS COVE","NL",363
"L'ASCENSION-DE-PATAPEDIA","QC",363
"PINE FALLS","MB",363
"KATEPWA","SK",362
"YOUNGSTOWN","AB",362
"PONT-LANDRY","NB",362
"COXHEATH","NS",362
"GADS HILL","ON",362
"DUNDEE","NB",362
"SOUTH BROOK","NL",362
"COURTRIGHT","ON",361
"SAINT-EVARISTE-DE-FORSYTH","QC",361
"MISCOU","NB",361
"WINDHAM CENTRE","ON",361
"LAFOND","AB",360
"RIVER HEBERT","NS",360
"FORDWICH","ON",359
"BALMERTOWN","ON",359
"NORTHERN ARM","NL",358
"NOTRE-DAME-DE-BONSECOURS","QC",358
"BUFFALO POINT 36","MB",358
"DIVISION NO.  4, SUBD. E","NL",358
"JARVIS BAY","AB",358
"GREEN LAKE","SK",358
"INGONISH BEACH","NS",358
"IONA STATION","ON",357
"MERVILLE","BC",357
"INDIAN RIVER","ON",357
"REDWOOD MEADOWS","AB",357
"MONKLAND","ON",357
"BERRY MILLS","NB",356
"TULAMEEN","BC",356
"JUAN DE FUCA (PART 2)","BC",356
"BONDISS","AB",356
"SAINT-CLEOPHAS-DE-BRANDON","QC",356
"THORNLOE","ON",356
"LOURDES","NL",355
"NOTRE-DAME-DE-LORETTE","QC",355
"SHEDDEN","ON",355
"CODRINGTON","ON",355
"VANESSA","ON",355
"CHRISTOPHER LAKE","SK",355
"MIDDLE ARM","NL",354
"CASEY","ON",354
"HOWIE CENTER","NS",354
"HAUT-SHEILA","NB",353
"BRACKENDALE","BC",353
"CONCEPTION HARBOUR","NL",353
"STANLEY MISSION","SK",353
"FRASER-FORT GEORGE G","BC",352
"HARE BAY BB","NL",352
"CROSS ROADS COUNTRY HARBOUR","NS",352
"LEWIN'S COVE","NL",352
"DIVISION NO.  1, SUBD. U","NL",352
"SABLE RIVER","NS",352
"MCIVERS","NL",351
"LAVERLOCHERE","QC",350
"PAQTNKEK-NIKTUEK NO. 23","NS",350
"TROY","ON",350
"ELMSDALE","PE",350
"LE GOULET","NB",350
"L'ILE-D'ANTICOSTI","QC",350
"NOTRE-DAME-DES-SEPT-DOULEURS","QC",350
"RIVIERE-PENTECOTE","QC",350
"MILTON STATION","PE",349
"ASPEN","NS",349
"LAIRD","SK",349
"COCHIN","SK",349
"HEART'S CONTENT","NL",348
"SAINT-SEBASTIEN-DE-FRONTENAC","QC",348
"ZEBALLOS","BC",348
"SAINT-LEOLIN","NB",348
"WEST PORTERS LAKE","NS",348
"SAINT-GERARD-MAJELLA","QC",348
"FLETCHERS LAKE","NS",348
"WOOLER","ON",348
"MUSGRAVETOWN","NL",348
"TREHERNE","MB",348
"POWERVIEW","MB",347
"NEW VICTORIA","NS",347
"GROUNDBIRCH","BC",347
"PELLY","SK",347
"CONQUERALL MILLS","NS",347
"PONT-LAFRANCE","NB",347
"ELTON","MB",346
"BIRCHCLIFF","AB",346
"SUNSET POINT","AB",346
"CARIBOO K","BC",346
"GEORGES BROOK-MILTON","NL",345
"THODE","SK",345
"AUBURN","ON",345
"TICHBORNE","ON",345
"SLATE RIVER","ON",344
"MONETVILLE","ON",344
"WINDTHORST","SK",344
"NISKU","AB",344
"FOURNIER","ON",343
"BELLEVUE","AB",343
"CRESTON","NL",343
"LA ROMAINE","QC",343
"NEUSTADT","ON",343
"LYONS BROOK","NS",343
"HOPEDALE","NL",342
"WALDECK","SK",342
"LAX KW'ALAAMS 1","BC",342
"EEL RIVER 3","NB",342
"SANDY POINT","NS",342
"LOON LAKE","SK",341
"NEW PERLICAN","NL",341
"ALOUETTE","QC",340
"CARTWRIGHT, LABRADOR","NL",340
"GROVEDALE","AB",340
"EBB AND FLOW","MB",340
"NEREPIS","NB",340
"PENOBSQUIS","NB",339
"CHAMCOOK","NB",339
"GREENSPOND","NL",339
"BADGERS QUAY","NL",339
"KENT BRIDGE","ON",339
"HERIOT BAY","BC",339
"CANTON BEDFORD","QC",338
"SHAMATTAWA 1","MB",338
"BIRTLE","MB",338
"BALFOUR","BC",338
"HEAD, CLARA AND MARIA","ON",338
"SAINTE-JEANNE-D'ARC-DE-LA-MITIS","QC",338
"FABRE","QC",338
"LEE CREEK","BC",338
"SAINT-DAMASE-DES-AULNAIES","QC",337
"TILLEY","AB",337
"GRAYSON","SK",337
"MILLARVILLE","AB",337
"PENNIAC","NB",337
"SAINTE-ROSE","NB",336
"LUCKY LAKE","SK",336
"HUGHENDEN","AB",336
"GENELLE","BC",336
"ENOCH CREE NATION","AB",336
"EMERSON","MB",336
"GOSHEN","NS",335
"BROWNSVILLE","ON",335
"BLUEVALE","ON",335
"FOX VALLEY","SK",335
"BLUFFTON","AB",335
"WHYCOCOMAGH","NS",334
"PARADISE VALLEY","AB",334
"ROSEDALE","MB",334
"BAXTERS CORNER","NB",334
"SAINT-PIERRE-DE-LAMY","QC",334
"FORT ALEXANDER","MB",333
"SAINT-GEORGES-DE-MALBAIE","QC",333
"SOUTH OHIO","NS",333
"GIROUXVILLE","AB",333
"NOLALU","ON",333
"BELLEORAM","NL",332
"ALEXANDRA","PE",332
"LA SCIE","NL",332
"POKEMOUCHE","NB",332
"PORT AU PORT","NL",332
"LANGLEY 2","BC",332
"MARKSTAY","ON",332
"CAYLEY","AB",332
"DIVISION NO. 18, UNORGANIZED","SK",332
"CLARKE CITY","QC",332
"L'AMABLE","ON",331
"BROOKDALE","NS",331
"COUNTY OF BARRHEAD","AB",331
"ASHERN","MB",331
"BARKMERE","QC",331
"WARDSVILLE","ON",331
"LUNDAR","MB",330
"RISTIGOUCHE-SUD-EST","QC",330
"BLOOMFIELD STATION","PE",330
"SOUTHAMPTON","NS",330
"NORTHSIDE EAST BAY","NS",330
"PRINCE ALBERT NATIONAL PARK","SK",328
"CHAPEL ISLAND","NS",328
"MASSET 1","BC",328
"BAKER LAKE","NU",327
"SAINT-ROCH-OUEST","QC",327
"ST. LOUIS","SK",326
"WAREHAM-CENTREVILLE","NL",326
"ROCK CREEK","BC",326
"ST. BRIEUX","SK",326
"MEWATHA BEACH","AB",326
"HERMITAGE-SANDYVILLE","NL",326
"GOLDEN DAYS","AB",326
"SAINT-JOSEPH-DES-ERABLES","QC",326
"OYSTER BED BRIDGE","PE",326
"CAPE ST GEORGE","NL",326
"NOTRE DAME DE LOURDES","MB",325
"SAINT-SAUVEUR","NB",325
"BLEZARD VALLEY","ON",325
"CONN","ON",325
"SAINTE-ROSE","QC",325
"BURNT RIVER","ON",325
"SHOAL RIVER 65A","MB",324
"FALLIS","AB",324
"ROSE VALLEY","SK",324
"WILNO","ON",324
"MORAVIAN 47","ON",324
"VAL-SAINT-GILLES","QC",324
"BOUNDARY CREEK","NB",324
"BIG RIVER","NB",323
"SAINT-JEAN-DE-CHERBOURG","QC",322
"APOHAQUI","NB",322
"MACOUN","SK",322
"HEATHERTON","NS",322
"GITSEGUKLA 1","BC",322
"LENNOX ISLAND 1","PE",322
"ILE DES CHENES EAST","MB",321
"TOBIANO","BC",321
"SAINT-ANDRE-DE-RESTIGOUCHE","QC",321
"FLEUR DE LYS","NL",321
"ST-ONESIME","QC",321
"ST-MARCEL-DE-L'ISLET","QC",320
"SAINT-CYPRIEN-DES-ETCHEMINS","QC",320
"HAMILTON TOWNSHIP","ON",320
"KENNETCOOK","NS",320
"ARNSTEIN","ON",320
"LESLIEVILLE","AB",320
"RIVIERE-A-CLAUDE","QC",319
"ST-HILAIRE","NB",318
"MOOSE LAKE 31A","MB",318
"WAPELLA","SK",317
"EGMONDVILLE","ON",317
"STE AGATHE","MB",317
"CHOICELAND","SK",317
"ROSENORT","MB",317
"LOUIS CREEK","BC",317
"GRANUM","AB",317
"PUNNICHY","SK",316
"BLOOMFIELD KINGS CO","NB",316
"EDWARDS","ON",316
"PROVOST NO. 52","AB",316
"MARYSVILLE","ON",316
"CENTREVILLE","NB",314
"MT. LORNE","YT",314
"PLEASANT VALLEY","NS",314
"COTTLESVILLE","NL",314
"HAUT-RIVIERE-DU-PORTAGE","NB",314
"OMPAH","ON",313
"CHUTE A BLONDEAU","ON",313
"NASONWORTH","NB",313
"BRUDENELL","PE",313
"MUNSON","AB",312
"SAINT-ARTHUR","NB",312
"SCANTERBURY","MB",312
"ALLIANCE","AB",312
"STIKINE REGION","BC",312
"HUGHES BROOK","NL",312
"BEAVER DAM","NB",311
"TIDNISH BRIDGE","NS",311
"VIRGIL","ON",311
"ROBSON","BC",311
"HOLSTEIN","ON",310
"HOYT","NB",310
"GRASSIE","ON",310
"HUNTS POINT","NS",310
"GLENAVON","SK",310
"COUCHICHING 16A","ON",310
"UNION ROAD","PE",310
"MARGAREE VALLEY","NS",309
"BEACONIA","MB",309
"WEST BAPTISTE","AB",308
"BUCKLAND NO. 491","SK",308
"SAINT-IGNACE","NB",308
"HEISLER","AB",308
"ADDISON","ON",307
"WARREN","MB",306
"RANKIN INLET","NU",306
"GREATER LAKEBURN","NB",306
"SIMMS SETTLEMENT","NS",306
"COXS COVE","NL",305
"CARGILL","ON",305
"ST CLAUDE","MB",305
"UPPER GOLDEN GROVE","NB",304
"SPALDING","SK",304
"GREENMOUNT-MONTROSE","PE",304
"CRAVEN","SK",304
"DUTCH SETTLEMENT","NS",304
"RM OF ABERDEEN","SK",303
"BELNAN","NS",303
"CANOE","BC",303
"NEWBURGH","ON",303
"PORT MORIEN","NS",302
"LINKLETTER","PE",302
"VAL QUENTIN","AB",302
"SALMON COVE","NL",302
"JOLY","ON",302
"BURLINGTON","NL",302
"MALLAIG","AB",301
"MARIUS","MB",301
"SAINT-IRENEE","NB",301
"KITWANGA","BC",301
"SAINTE-MARGUERITE-MARIE","QC",300
"EAST AMHERST","NS",300
"BEDEQUE AND AREA","PE",300
"WILLINGDON","AB",300
"OLD CROW","YT",300
"MILLBANK","ON",300
"BARACHOIS","QC",300
"LITTLE BURNT BAY","NL",300
"HARRIS","SK",299
"TUPPERVILLE","ON",299
"DESERT BLUME","AB",298
"GEORGEVILLE","QC",298
"GOLD BRIDGE","BC",298
"NAK'AZDLI","BC",298
"SAINT-ELZEAR-DE-BONAVENTURE","QC",297
"NEYAASHIINIGMIING","ON",297
"SATURNA","BC",297
"NORTH ALTON","NS",297
"LANCASTER PARK","AB",296
"STELLA","ON",296
"SUNSET BEACH","AB",296
"FLINTON","ON",296
"ST. FELIX","PE",296
"ORTON","ON",295
"GOODSOIL","SK",295
"CORNWALLIS PARK","NS",295
"ENGLEFELD","SK",295
"WAWANESA","MB",295
"GOOD LAKE NO. 274","SK",294
"INVERMAY","SK",294
"ALBERNI-CLAYOQUOT A","BC",294
"PARENT","QC",294
"HAZELBROOK","PE",294
"HACKETTS COVE","NS",294
"SCHANZENFELD","MB",294
"RESTOULE","ON",294
"ISLAND VIEW","NB",293
"MILLVILLE","NS",293
"GAETZ BROOK","NS",293
"LAC-HUMQUI","QC",293
"BATCHEWANA FIRST NATION","ON",293
"DSL DE GRAND-SAULT/FALLS","NB",292
"BAY DE VERDE","NL",291
"SHELL LAKE","SK",291
"GLEN ROBERTSON","ON",291
"CAP-CHAT-EST","QC",291
"GRANVILLE FERRY","NS",291
"BELLEISLE CREEK","NB",290
"BURNSTOWN","ON",290
"STONY CREEK 1","BC",290
"DIVISION NO.  4, SUBD. B","NL",290
"PENELAKUT ISLAND 7","BC",290
"DESBORO","ON",290
"WEST COVEHEAD","PE",290
"LAC LA RONGE 156","SK",290
"JEMSEG","NB",289
"VAL-COMEAU","NB",289
"PANGMAN","SK",289
"WEMOTACI","QC",289
"MILL COVE","NS",289
"CHARING CROSS","ON",288
"EAST CHEZZETCOOK","NS",288
"PLYMPTON","NS",288
"SUCKER CREEK 23","ON",288
"WINSLOE NORTH","PE",288
"PARHAM","ON",288
"LEOVILLE","SK",288
"DIVISION NO.  1, SUBD. I","NL",288
"SUNNY CORNER","NB",287
"MCARTHURS MILLS","ON",287
"STURGEON LAKE","SK",286
"SEAL COVE (WHITE BAY)","NL",286
"GREENHILL","NS",286
"SERPENT RIVER 7","ON",286
"PROSPECT BAY","NS",286
"SAINT-AUGUSTIN-SAGUENAY","QC",286
"HONEY HARBOUR","ON",286
"CENTRAL COAST D","BC",286
"MANSONS LANDING","BC",285
"RUSHOON","NL",285
"PORTUGUESE COVE","NS",285
"QUAQTAQ","QC",285
"BONNINGTON","BC",285
"GOLD CREEK","BC",285
"FOX POINT","NS",285
"STANLEY BRIDGE","PE",285
"WALSINGHAM","ON",285
"MIDDLE LAKE","SK",284
"SKEAD","ON",284
"SAINT-JACQUES-LE-MAJEUR-DE-WOLFESTOWN","QC",284
"NINETTE","MB",284
"SAINTE-AGNES-DE-DUNDEE","QC",284
"ANZAC","AB",283
"FALCONBRIDGE","ON",282
"WHITEFISH LAKE 6","ON",282
"HAGENSBORG","BC",282
"SANDY LAKE","MB",282
"SEMANS","SK",282
"PLYMOUTH","NS",282
"TROIS-RUISSEAUX","NB",281
"HARCOURT","ON",281
"PORT REXTON","NL",281
"SHIRLEY","BC",281
"CONQUERALL BANK","NS",281
"EAST MOUNTAIN","NS",280
"ISLE-AUX-MORTS","NL",280
"HOWLEY","NL",280
"DONKIN","NS",280
"QUINSAM 12","BC",280
"SAINT-PIERRE","QC",280
"SUMMERVILLE","NB",280
"ISLE-AUX-COUDRES","QC",280
"DYSART","SK",280
"MARLBANK","ON",280
"PARSON'S POND","NL",280
"CLIFTON ROYAL","NB",279
"BASS RIVER","NS",279
"MILDEN","SK",279
"CHAPLIN","SK",279
"EAST PETPESWICK","NS",278
"DIVISION NO.  9, SUBD. A","NL",278
"ANDREW","AB",278
"CZAR","AB",278
"DANFORD LAKE","QC",277
"WEST ARICHAT","NS",277
"NORLAND","ON",277
"BOUDREAU-OUEST","NB",277
"DUNTROON","ON",277
"SMITH","AB",277
"LAKESIDE","NB",277
"COWLEY","AB",276
"BOND HEAD","ON",276
"THOMPSON-NICOLA B (THOMPSON HEADWATERS)","BC",276
"ST JEAN BAPTISTE","MB",276
"KARS","NB",275
"STRATTON","ON",275
"SIX ROADS","NB",275
"HARTNEY","MB",275
"TOMPKINS","SK",274
"NAKAMUN PARK","AB",274
"GRAFTON","NB",274
"ST. PAULS","ON",274
"HEART'S DELIGHT-ISLINGTON","NL",274
"NORTH WILTSHIRE","PE",274
"PETIT-ROCHER-NORD","NB",274
"BURIN BAY ARM","NL",273
"TILLEY ROAD","NB",273
"MARYHILL","ON",273
"BENITO","MB",272
"SHEARWATER","NS",272
"NEW HARBOUR TB","NL",272
"WORTHINGTON","ON",272
"HARMONY","NS",272
"CAPE BROYLE","NL",272
"ARNES","MB",272
"JORDAN FALLS","NS",272
"PORT AU PORT WEST-AGUATHUNA-FELIX COVE","NL",272
"BEDELL","NB",271
"POINTE-SAPIN","NB",271
"RODDICKTON","NL",271
"ISLAND LAKE SOUTH","AB",271
"BACK BAY","NB",271
"CANYON","BC",270
"BAIE VERTE","NB",270
"YARMOUTH 33","NS",270
"PLUM COULEE","MB",270
"LOSIER SETTLEMENT","NB",270
"AVONMORE","ON",269
"EDGEWOOD","BC",269
"WEAGAMOW LAKE 87","ON",268
"MILL VILLAGE","NS",268
"ARDMORE","AB",268
"WATERVILLE-SUNBURY","NB",268
"PRINCE ALBERT","ON",268
"MANILLA","ON",268
"SOUTH HAZELTON","BC",268
"ODESSA","SK",268
"HOLACHTEN 8","BC",268
"HARWOOD","ON",267
"SILTON","SK",267
"ROLLINGDAM","NB",267
"WILCOX","SK",267
"RANG-SAINT-GEORGES","NB",267
"FOWLER","ON",266
"WOODVILLE","NS",266
"ALDER POINT","NS",266
"DUFRESNE","MB",266
"VERRET","NB",266
"FORMOSA","ON",266
"ACADIEVILLE","NB",266
"TORQUAY","SK",266
"KENNEDY","SK",266
"SPY HILL","SK",265
"NORVAL","ON",265
"MARA","BC",265
"STE-IRENE-DE-MATAPEDIA","QC",265
"WICKHAM","NB",265
"COAL HARBOUR","BC",264
"FEVERSHAM","ON",264
"GRANDE-ENTREE","QC",264
"SOUTH BAPTISTE","AB",264
"ELKHORN","MB",264
"DUBLIN","ON",264
"AMISK","AB",264
"EAGLE RIVER","ON",264
"SELBY","ON",264
"SQUAMISH-LILLOOET B","BC",264
"DAYSPRING","NS",262
"GRAND ETANG","NS",262
"WOODSTOCK","NL",262
"DODSLAND","SK",262
"SAINTE-ELISABETH-DE-PROULX","QC",262
"LINACY","NS",262
"HOLDFAST","SK",262
"DIVISION NO.  1, UNORGANIZED","MB",262
"WOLINAK 11","QC",262
"ST. NICHOLAS","PE",262
"RIVIERE-DU-PORTAGE","NB",262
"MORTLACH","SK",262
"COLLIERS","NL",262
"PIGEON HILL","NB",261
"LONDESBOROUGH","ON",261
"YORK HARBOUR","NL",261
"JAMES","ON",260
"SEARCHMONT","ON",260
"KERNS","ON",260
"WESTBROOK","ON",260
"BALLINAFAD","ON",260
"KNUTSFORD","BC",259
"MUNCEY","ON",259
"PORT MAITLAND","NS",259
"LANG","SK",259
"MINITONAS","MB",259
"DEEP BROOK","NS",259
"OCHRE RIVER","MB",259
"SAINT-LEONARD-PARENT","NB",258
"OROMOCTO 26","NB",258
"HEPWORTH","ON",258
"ANCHOR POINT","NL",258
"ST WALBURG","SK",258
"SAINTE-FRANCOISE-DE-LOTBINIERE","QC",257
"OXDRIFT","ON",257
"FRANCIS","SK",257
"BOYLSTON","NS",257
"PROSPECT VILLAGE","NS",257
"HORNELL HEIGHTS","ON",257
"DEBOLT","AB",256
"LYALTA","AB",256
"WEST BAY ROAD","NS",256
"OAKFIELD","NS",256
"MADAWASKA","ON",256
"SAINTE-SABINE-DE-BELLECHASSE","QC",256
"GONOR","MB",256
"SHUSWAP","BC",256
"FRANKVILLE","ON",255
"EEL GROUND","NB",255
"MCLEOD HILL","NB",255
"BITTERN LAKE","AB",255
"CARTWRIGHT","MB",255
"ELKWATER","AB",254
"GARDINER MINES","NS",254
"TWO BORDERS","MB",254
"HILLIER","ON",254
"SLOCAN PARK","BC",254
"DIVISION NO.  1, SUBD. Y","NL",254
"CHURCH POINT","NS",254
"LAJORD NO. 128","SK",254
"COMOX 1","BC",254
"MACCAN","NS",254
"VISCOUNT","SK",253
"RENOUS","NB",253
"BATH","NB",253
"GLENWOOD","AB",253
"BEECHWOOD","NB",253
"FALUN","AB",252
"BAYNES LAKE","BC",252
"EGBERT","ON",252
"NORTH RIVER","PE",252
"ST-OCTAVE","QC",252
"HANT'S HARBOUR","NL",252
"HONEYMOON BAY","BC",251
"WEST PUBNICO","NS",251
"PORT HASTINGS","NS",251
"CHARLTON","ON",251
"SANDY HOOK","MB",251
"WILDWOOD","AB",251
"NEWTON","ON",250
"NANAIMO TOWN 1","BC",250
"BINSCARTH","MB",250
"MILLTOWN-HEAD OF BAY D'ESPOIR","NL",250
"BALA","ON",250
"DIVISION NO.  5, SUBD. C","NL",250
"SOUTHPORT","MB",249
"NEMISCAU","QC",249
"LAKE NEWELL RESORT","AB",249
"BELLA BELLA","BC",249
"LOWER TRURO","NS",249
"SAINT-ANDRE-LEBLANC","NB",248
"MUSQUASH","NB",248
"IMPROVEMENT DISTRICT NO. 9 BANFF","AB",248
"WHITEWAY","NL",247
"EASTERVILLE","MB",247
"CANIM LAKE","BC",247
"LAC-TREMBLANT-NORD","QC",247
"MOOSE FACTORY","ON",247
"RIVER DRIVE PARK","ON",247
"COME BY CHANCE","NL",247
"BAY VIEW","NS",247
"SAINTE-ANNE GLOUCESTER CO","NB",247
"LADYSMITH","QC",246
"HEAD OF CHEZZETCOOK","NS",246
"KITIMAT-STIKINE F","BC",246
"FLORENCE","ON",245
"MASSTOWN","NS",245
"BLUE RIDGE","AB",245
"CENTRAL ONSLOW","NS",245
"BEZANSON","AB",244
"BLACK RIVER BRIDGE","NB",244
"MCKERROW","ON",244
"LAKE LOUISE","AB",244
"SHAD BAY","NS",244
"FISHER BRANCH","MB",244
"THETIS ISLAND","BC",243
"COLLINGWOOD CORNER","NS",243
"OSTREA LAKE","NS",242
"PINE GROVE","NS",242
"BARNESVILLE","NB",242
"MONT-ALBERT","QC",242
"BELGRAVE","ON",242
"SAINT-EDOUARD-DE-KENT","NB",242
"CRYSTAL FALLS","ON",241
"HEBBS CROSS","NS",241
"SAINT-VENANT-DE-PAQUETTE","QC",241
"PLEASANT GROVE","PE",241
"FORESTERS FALLS","ON",241
"CENTRALIA","ON",240
"KISPIOX","BC",240
"HOLLAND","MB",240
"ARBORFIELD","SK",240
"CRYSTAL CITY","MB",239
"DAYTON","NS",239
"LISCOMB","NS",239
"AUSTIN","MB",239
"HOLYROOD","ON",239
"DUNVEGAN","ON",239
"SOUTH BERWICK","NS",238
"GRAND LAKE","NS",238
"LIKELY","BC",238
"DALHOUSIE JUNCTION","NB",238
"WELSHPOOL","NB",238
"JOYCEVILLE","ON",238
"VAL MARIE","SK",238
"LAKE GEORGE","NB",238
"COLE BAY 3","BC",238
"PRIDDIS GREENS","AB",238
"FREEPORT","NS",237
"PACQUET","NL",237
"MURRAY SIDING","NS",237
"RIGOLET","NL",237
"TERRENCEVILLE","NL",237
"BAYSIDE","NB",236
"PILLEY'S ISLAND","NL",236
"NOUVELLE-OUEST","QC",236
"WINDSOR ROAD","NS",236
"UPPER ONSLOW","NS",236
"DIVISION NO.  5, SUBD. A","NL",236
"DIVISION NO.  1, SUBD. G","NL",236
"SOUTH ESK","NB",236
"ROSALIND","AB",236
"INDIAN MOUNTAIN","NB",235
"MADDINGTON","QC",235
"DORCHESTER","NB",235
"SUNSET ESTATES","SK",234
"HUDSON HEIGHTS","QC",234
"HAMPDEN","QC",234
"INKERMAN","NB",234
"EGAN","QC",234
"BELFOUNTAIN","ON",234
"DUMFRIES","NB",234
"JUNIPER","NB",234
"BROOKFIELD","NL",233
"SANFORD","MB",233
"EDWIN","MB",233
"LOWER WOODSTOCK","NB",233
"ROBERTS ARM","NL",233
"COLLETTE","NB",233
"EDENWOLD","SK",233
"RAVIGNAN","QC",233
"SAINTE-EDWIDGE","QC",233
"PETERSFIELD","MB",232
"SWIFT CURRENT NO. 137","SK",232
"CODETTE","SK",232
"POINTE-ALEXANDRE","NB",232
"CHANGE ISLANDS","NL",231
"VANGUARD","SK",231
"MOOSE LAKE","MB",231
"BURNT ISLANDS BLP","NL",231
"BIRD COVE","NL",231
"ESTEY'S BRIDGE","NB",230
"FINGAL","ON",230
"DUFFERIN CHARLOTTE CO","NB",230
"LAC-POULIN","QC",230
"BERKELEY","ON",230
"KALADAR","ON",229
"LOWER BRANCH","NS",229
"LATULIPE","QC",229
"LANDRY OFFICE","NB",229
"POMQUET","NS",228
"BRAS D'OR","NS",228
"PARADISE","NS",228
"GITWANGAK 1","BC",228
"HAPPY ADVENTURE","NL",228
"EEL RIVER BAR FIRST NATION","NB",228
"STANLEY","NB",228
"KIMBERLEY","ON",228
"FISHER'S GRANT","NS",227
"CARLETON","NS",227
"STAFFA","ON",227
"LONG REACH","NB",227
"RIVER JOHN","NS",227
"PORT ELGIN","NB",227
"SOMERSET","MB",226
"BOGNOR","ON",226
"LITTLE BRAS D'OR","NS",226
"SAUMAREZ","NB",226
"VIRGINIATOWN","ON",226
"MORICETOWN 1","BC",226
"EDGEWATER","BC",226
"BERWICK","ON",226
"KINGS POINT","NL",225
"CLIMAX","SK",225
"AVONPORT","NS",225
"SPARTA","ON",225
"UPPER FALMOUTH","NS",225
"UNION BAY","BC",225
"LITTLE HARBOUR","NS",224
"SAINT-ANTOINE-DE-L'ISLE-AUX-GRUES","QC",224
"KINGSBURY","QC",224
"PRINCE ALBERT NO. 461","SK",224
"HANTS BORDER","NS",224
"PETIT-ROCHER-SUD","NB",224
"NORTHAMPTON","NB",224
"BRIDESVILLE","BC",224
"BOCABEC","NB",223
"WESTVILLE ROAD","NS",223
"MATTICE","ON",223
"NOTRE-DAME-DES-ERABLES","NB",223
"KINGSCLEAR FIRST NATION","NB",223
"BRIGHTON","NL",222
"MIDDLE COVE","NL",222
"DIVISION NO.  2, SUBD. K","NL",222
"GREENBANK","ON",222
"GITANMAAX","BC",222
"SANDRINGHAM","NL",222
"HIXON","BC",222
"DOMINION CITY","MB",222
"CARSELAND","AB",222
"ANSE-BLEUE","NB",222
"MEAGHERS GRANT","NS",222
"KENDAL","ON",222
"VERNON","ON",222
"WALTON","ON",221
"RIONDEL","BC",221
"FORTUNE COVE","PE",221
"BEAVER HARBOUR","NB",221
"SOUTH SLOCAN","BC",221
"MORRISTON","ON",221
"LEBRET","SK",221
"SALFORD","ON",221
"NAIRN CENTRE","ON",221
"FORT KENT","AB",221
"SLEEMAN","ON",221
"GLENBURNIE-BIRCHY HEAD-SHOAL BROOK","NL",220
"FAUQUIER","ON",220
"MAITLAND","ON",220
"DOBBINTON","ON",220
"RIVERTON","NS",220
"OPASATIKA","ON",219
"SAINT-PHILIPPE","NB",219
"STE-ANNE-DU-RUISSEAU","NS",219
"PORT DUFFERIN","NS",219
"DURHAM","NS",219
"FLATBUSH","AB",219
"ALMA","NB",218
"WESTBRIDGE","BC",218
"SAINT-OMER-L'ISLET","QC",218
"DANIEL'S HARBOUR","NL",218
"HILLIARD","ON",218
"DARLINGS ISLAND","NB",217
"ST MARTINS","NB",217
"CONCESSION","NS",217
"QUEENSLAND","NS",217
"MAZEROLLE SETTLEMENT","NB",217
"SAINTE-EUPHEMIE","QC",216
"KITSUMKAYLUM 1","BC",216
"RIVERHURST","SK",216
"TAYMOUTH","NB",216
"CHAMBERLAIN","ON",216
"BURDETT","AB",216
"LEWIS LAKE","NS",216
"ANGLIERS","QC",216
"RADISSON","QC",216
"PETIT-CAP","NB",216
"PASSEKEAG","NB",216
"SUNSET HOUSE","AB",215
"WESTPORT","NL",215
"BELAIR","MB",215
"CATALONE","NS",215
"CLEMENTSVALE","NS",214
"ABERNETHY","SK",214
"LAKEVILLE CORNER","NB",214
"PICADILLY","NB",213
"VILLAGE BLANCHARD","NB",213
"MELVERN SQUARE","NS",213
"WARDNER","BC",213
"BIRCH RIVER","MB",213
"CANTERBURY","NB",213
"POSTVILLE","NL",213
"AMMON","NB",213
"LOWER ONSLOW","NS",213
"CLEARWATER RIVER DENE 222","SK",212
"DIVISION NO.  1, SUBD. A","NL",212
"SANDY COVE","NL",212
"DEERFIELD","NS",212
"LINTLAW","SK",212
"RIVIERE-A-LA-TRUITE","NB",212
"SHUBENACADIE EAST","NS",212
"TEMPERANCE VALE","NB",212
"LUMSDEN NO. 189","SK",212
"GRAY RAPIDS","NB",211
"LEQUILLE","NS",211
"PORT LORING","ON",211
"BEECHY","SK",211
"WEYMOUTH","NS",211
"ROLLING HILLS","AB",211
"SAMBRO","NS",211
"SANGUDO","AB",211
"CROWES MILLS","NS",211
"WEDGEPORT","NS",210
"L'ILE-CADIEUX","QC",210
"PRUD'HOMME","SK",210
"TUKTOYAKTUK","NT",210
"LAKELAND NO. 521","SK",210
"DUNVILLE","NL",209
"BROWNS FLAT","NB",209
"CATALINA","NL",209
"BIG LAKE RANCH","BC",209
"MIDDLE MUSQUODOBOIT","NS",208
"WHEATLEY RIVER","PE",208
"SOUTHERN HARBOUR","NL",208
"BELLE COTE","NS",208
"VITA","MB",208
"MURRAY CORNER","NB",208
"NORTHPORT","PE",208
"MONT-ELIE","QC",208
"NANAIMO RIVER","BC",208
"LONDONDERRY","NS",208
"EBENEZER","SK",208
"PETITE-LAMEQUE","NB",207
"PROVIDENCE BAY","ON",207
"CURRYS CORNER","NS",207
"GARSON","MB",207
"HEDLEY","BC",207
"RED BANK RESERVE","NB",207
"LADRIERE","QC",207
"MOUNTAIN GROVE","ON",207
"MOUNTAIN (SOUTH)","MB",206
"SOUTH LANCASTER","ON",206
"GITANYOW 1","BC",206
"BEACHSIDE","NL",206
"NORMANS COVE","NL",206
"ELM CREEK","MB",206
"TIDNISH CROSS ROADS","NS",206
"PHILIPSBURG","QC",205
"GRANDE POINTE","ON",205
"NEW BOTHWELL","MB",205
"SAINT-REMI-D'AMHERST","QC",205
"SAINT-DAMASE-DE-MATAPEDIA","QC",205
"BJORKDALE","SK",205
"SAINTE-FELICITE-DE-L'ISLET","QC",205
"UDORA","ON",205
"CROOKED CREEK","AB",205
"BRITANNIA BEACH","BC",205
"CECIL LAKE","BC",204
"SHESHATSHIU 3","NL",204
"ARMSTRONG","MB",204
"PETIT-ROCHER-OUEST","NB",204
"FORT MCPHERSON","NT",204
"MAKKOVIK","NL",204
"KETCH HARBOUR","NS",204
"WHITE ROCK","NS",204
"COVEHEAD ROAD","PE",204
"TILLEY","NB",204
"ABBEY","SK",204
"DIVISION NO.  6, SUBD. D","NL",204
"VAL-D'ESPOIR","QC",203
"TRAVERSE BAY","MB",203
"WABAMUN","AB",203
"ROUND LAKE CENTRE","ON",202
"WABOWDEN","MB",202
"DURRELL","NL",202
"HUMBER VALLEY RESORT","NL",202
"LINGAN","NS",202
"MILL CREEK","NS",202
"PETITE RIVIERE","NS",202
"PINE GLEN","NB",202
"DUNGANNON","ON",201
"CENTREVILLE","ON",201
"ROSE BLANCHE","NL",201
"BIG BRAS D'OR","NS",201
"BLACK ROCK","NS",201
"GWYNNE","AB",201
"TREMBLAY","NB",201
"MAXWELL","ON",201
"ARCHERWILL","SK",201
"NEW NORWAY","AB",201
"NEUANLAGE","SK",201
"FORTUNE BRIDGE","PE",200
"LA BALEINE","QC",200
"GARNETT SETTLEMENT","NB",200
"ROGERSVILLE-OUEST","NB",200
"MARGAREE HARBOUR","NS",200
"WARMINSTER","ON",200
"NATUASHISH","NL",200
"MILLBROOK","NS",200
"COTEAU ROAD","NB",200
"MCLELLANS BROOK","NS",200
"BARRINGTON PASSAGE","NS",199
"LAKE LENORE","SK",199
"SAINT-JOSEPH-DE-LA-RIVE","QC",199
"SEAFORTH","NS",199
"LANDIS","SK",199
"OAKVILLE","MB",199
"BAIE DE BOUCTOUCHE","NB",199
"TERRA NOVA","NL",198
"SHEHO","SK",198
"WILLIAMS LAKE 1","BC",198
"MISSISSAGI RIVER 8","ON",198
"ETHEL","ON",198
"NORTH GRANT","NS",198
"MAITLAND","NS",198
"VIMONT","QC",198
"CLANDONALD","AB",198
"VAL-DOUCET","NB",198
"SLEMON PARK","PE",197
"GUNN","AB",197
"COLEVILLE","SK",197
"INGLIS","MB",197
"RUSCOM STATION","ON",197
"HURON PARK","ON",197
"BULYEA","SK",197
"NDILO","NT",196
"BECHER BAY 1","BC",196
"GLASSVILLE","NB",196
"STAPLES","ON",196
"GULF SHORE","NS",196
"ST LINA","AB",196
"RIVER GLADE","NB",196
"WOODY POINT, BONNE BAY","NL",196
"THORBURN","NS",195
"CHAMPNEUF","QC",195
"WESTWOLD","BC",195
"BASS RIVER","NB",195
"BRIERCREST","SK",195
"TROY","NS",195
"SANDSPIT","BC",195
"HAWKE'S BAY","NL",194
"FERMEUSE","NL",194
"ARGENTIA BEACH","AB",194
"SIK-E-DAKH 2","BC",194
"CONQUEST","SK",194
"TIVERTON","NS",194
"GOLDBORO","NS",194
"CHICKEN 224","SK",194
"DOKIS 9","ON",194
"EVANSVILLE","ON",193
"MCLEODS","NB",193
"WINDERMERE","NS",193
"CASCUMPEC","PE",193
"CHAPLIN ISLAND ROAD","NB",193
"SOUTH FARMINGTON","NS",193
"GARDEN LOTS","NS",192
"PELICAN RAPIDS","MB",192
"HARRINGTON","PE",192
"ERIKSDALE","MB",192
"RIVER OF PONDS","NL",192
"KISBEY","SK",192
"LAXGALTS'AP","BC",192
"CLANDEBOYE","MB",192
"CASLAN","AB",192
"CAMPERVILLE","MB",191
"FRASERS MOUNTAIN","NS",191
"THORNE","ON",191
"DOLPHIN ISLAND 1","BC",190
"QUATSINO SUBDIVISION 18","BC",190
"SAINT-GUILLAUME-NORD","QC",190
"BATAWA","ON",190
"FROBISHER","SK",190
"ZENON PARK","SK",190
"CARROLLS CORNER","NS",190
"PAYNTON","SK",189
"LOWER FIVE ISLANDS","NS",189
"SAINT-SEVERIN-DE-BEAUCE","QC",189
"HODGEVILLE","SK",189
"COLINTON","AB",189
"HIAWATHA","ON",189
"BALLS CREEK","NS",189
"HERRING NECK","NL",189
"ACADIA VALLEY","AB",189
"INDIAN HARBOUR","NS",189
"LAVILLETTE","NB",189
"GLEN MORRIS","ON",189
"AUPALUK","QC",189
"SOMERVILLE","NB",189
"DIVISION NO. 18, UNORGANIZED, EAST PART","MB",188
"ST. BERNARD'S-JACQUES FONTAINE","NL",188
"FRENCH LAKE","NB",188
"MIRA ROAD","NS",188
"SCOTCHFORT 4","PE",188
"SWAN LAKE","MB",188
"WATER VALLEY","AB",188
"POINT EDWARD","NS",188
"T'SOU-KE","BC",188
"VAL RITA","ON",188
"BAYTONA","NL",188
"BROKENHEAD 4","MB",188
"CRAWFORD BAY","BC",187
"WELDON","SK",187
"SALVAGE","NL",187
"MUIRKIRK","ON",187
"FAIRISLE","NB",187
"BOSWELL","BC",187
"GLOOSCAP 35","NS",186
"SHERBROOKE","PE",186
"GAINFORD","AB",186
"MEATH PARK","SK",186
"NORTH PORTAL","SK",186
"BEAUCANTON","QC",186
"STEEVES MOUNTAIN","NB",186
"DERWENT","AB",186
"BOIESTOWN","NB",186
"KITCHENER","BC",185
"GILLIES BAY","BC",185
"WARDS CREEK","NB",185
"PRESPATOU","BC",185
"BIRCH ISLAND","ON",185
"LA GLACE","AB",185
"MANCEBOURG","QC",184
"KITSELAS 1","BC",184
"WIDEWATER","AB",184
"RIVERSIDE-ALBERT","NB",184
"LOWER L'ARDOISE","NS",184
"HARBOURVILLE","NS",183
"HALLS HARBOUR","NS",183
"BRUCEFIELD","ON",183
"YOHO","NB",183
"SAINT-VITAL-DE-CLERMONT","QC",183
"CANAL","NB",183
"ST-ATHANASE","QC",183
"SHORTTS LAKE","NS",183
"COLES ISLAND QUEENS CO","NB",183
"OLD RIDGE","NB",182
"LITTLE RIDGE","NB",182
"NORTH CHEGOGGIN","NS",182
"PRINCE WILLIAM","NB",182
"TOMAHAWK","AB",182
"SCOTSBURN","NS",181
"BAMFIELD","BC",181
"ELIE","MB",181
"NORTH COBALT","ON",181
"KEDGWICK OUEST","NB",181
"SOUTH BROOK GB","NL",181
"PROSPECT","NS",181
"COALMONT","BC",181
"WATERFORD","NB",181
"STE ANNE DE PRESCOTT","ON",181
"L'ANSE-AU-CLAIR","NL",180
"RICHER","MB",180
"MING'S BIGHT","NL",180
"CANOE COVE","PE",180
"WHITEFISH BAY 32A","ON",180
"POINTE-AU-BARIL-STATION","ON",180
"HOMALCO 9","BC",180
"HANEYTOWN","NB",180
"HARVEY STATION","NB",180
"WHALETOWN","BC",180
"FORT SAN","SK",180
"REABORO","ON",180
"ATLIN","BC",180
"WAWKEN NO. 93","SK",180
"BAIE-JOHAN-BEETZ","QC",180
"PETITE-RIVIERE-DE-L'ILE","NB",180
"BAKER CREEK","BC",179
"WESTCOCK","NB",179
"STRATHCLAIR","MB",179
"BAINS CORNER","NB",179
"GROS-MORNE","QC",179
"CRESCENT VALLEY","BC",179
"CROW HEAD","NL",178
"RIVIERE-AUX-OUTARDES","QC",178
"DEWBERRY","AB",178
"MEADOWBROOK VILLAGE","MB",178
"ELKO","BC",178
"MIDDLE ARM GB","NL",178
"BEWDLEY","ON",177
"EDEN MILLS","ON",177
"CHANCE COVE","NL",177
"FENWICK","NS",177
"BOSTON BAR","BC",177
"BUFFALO POINT","MB",177
"OAKLAND","NB",176
"BLANDFORD","NS",176
"NEW ALBANY","NS",176
"DIVISION NO.  1, SUBD. F","NL",176
"RAPID CITY","MB",176
"CLEMENTSPORT","NS",176
"LAZO","BC",175
"EYEBROW","SK",175
"ST BRIEUX","SK",175
"EDBERG","AB",175
"WANLESS","MB",175
"EMYVALE","PE",175
"LAKEVIEW","NS",175
"MEADOWBANK","PE",175
"BUSHELL PARK","SK",175
"PORT-MENIER","QC",175
"MARGAREE CENTRE","NS",175
"ALMA","NS",174
"RIVIERE-SAINT-PAUL","QC",174
"GROSSES COQUES","NS",174
"MIRA GUT","NS",174
"MIAMI","MB",174
"HEART'S DESIRE","NL",174
"ANNAHEIM","SK",174
"ANAGANCE","NB",174
"DALMAS","QC",174
"MONT-CARMEL","PE",173
"JOGGINS","NS",173
"NEWCOMBVILLE","NS",173
"DIVISION NO.  1, SUBD. O","NL",172
"AROOSTOOK","NB",172
"CEDAR SPRINGS","ON",172
"LEPREAU","NB",172
"WOODSTOCK FIRST NATION","NB",172
"LAC-CHICOBI","QC",172
"DIVISION NO.  6, SUBD. E","NL",172
"WHAPMAGOOSTUI","QC",172
"HIGHGATE","ON",171
"GRASSY LAKE","AB",171
"BATCHAWANA BAY","ON",171
"BURTON","BC",171
"LAX KW'ALAAMS","BC",171
"CONWAY","NS",171
"LAKEVILLE","NS",171
"SINTALUTA","SK",171
"DENBIGH","ON",171
"SAINT-HILAIRE-DE-DORSET","QC",170
"LEECH","NB",170
"ENDAKO","BC",170
"MACES BAY","NB",170
"DARNLEY","PE",170
"VARNA","ON",170
"SUMMERVILLE","NS",170
"LEWINS COVE","NL",170
"CARTWRIGHT","NL",170
"PIC RIVER 50","ON",170
"OAK LAKE","MB",170
"HARCOURT","NB",169
"WESTERN SHORE","NS",169
"KINGSLEY","NB",169
"WELSFORD","NS",169
"SHAMATTAWA","MB",169
"BAKER SETTLEMENT","NS",169
"GASPEREAU","NS",169
"MEACHAM","SK",168
"BISSETT","MB",168
"SHERWOOD NO. 159","SK",168
"HORSESHOE BAY","AB",168
"NORRIS BEACH","AB",168
"CONSTANCE LAKE 92","ON",168
"GLEN MARGARET","NS",168
"MOUNT CARMEL-MITCHELLS BROOK-ST. CATHERINE'S","NL",168
"UPPER LAHAVE","NS",168
"SWITSEMALPH","BC",168
"MAYMONT","SK",168
"FORT ALBANY (PART) 67","ON",168
"DUNSTER","BC",168
"NASHWAAK BRIDGE","NB",167
"KIRKTON","ON",167
"SOUTHAMPTON","NB",167
"SMITHS CREEK","NB",167
"RIVERPORT","NS",167
"CORMIER-VILLAGE","NB",167
"FORT STEELE","BC",167
"BOUCTOUCHE SUD","NB",167
"WINNEWAY","QC",166
"WHITNEY","NB",166
"MOREWOOD","ON",166
"DAKOTA TIPI 1","MB",166
"WEST NORTHFIELD","NS",166
"ST BERNARDIN","ON",166
"UPPER SUMAS 6","BC",166
"GRETNA","MB",166
"SILVER BEACH","AB",166
"EDWARDSVILLE","NS",166
"NEWPORT","NS",166
"SOINTULA","BC",166
"CHERRY GROVE","AB",165
"RAMORE","ON",165
"CALLING LAKE","AB",165
"SALMON BEACH","NB",165
"LORNEVILLE","NS",165
"JAFFRAY","BC",165
"NINE MILE CREEK","PE",165
"MILLVILLE","NB",165
"NEW HAVEN","PE",165
"SAINT-JOSEPH-DE-KENT","NB",165
"PRIME BROOK","NS",165
"ARROW CREEK","BC",165
"LITTLE SMOKY","AB",164
"UPPER NINE MILE RIVER","NS",164
"RHEIN","SK",164
"MAIN-A-DIEU","NS",164
"HERMITAGE","NL",164
"CHEAM 1","BC",164
"BIG POND","NS",164
"HAISLA","BC",164
"SOUTH GREENWOOD","NS",164
"GAMBO SOUTH","NL",164
"VAL GAGNE","ON",164
"GRAND BAY EAST","NL",164
"MALTEMPEC","NB",163
"CHEPSTOW","ON",163
"D'ARCY","BC",163
"LAGACEVILLE","NB",163
"LOWER GREENWICH","NB",163
"SORMANY","NB",163
"BOTHA","AB",163
"UPPER GAGETOWN","NB",163
"NEWPORT STATION","NS",163
"OAKHILL","NS",162
"AMHERST SHORE","NS",162
"ST LOUIS","SK",162
"EAGLE LAKE 27","ON",162
"JOGUES","ON",162
"ST. LUNAIRE-GRIQUET","NL",162
"WEST ST PETERS","PE",162
"POINTE-A-LA-GARDE","QC",162
"PELICAN NARROWS","AB",162
"BULKLEY RIVER 19","BC",162
"CARLINGFORD","NB",161
"GITSEGUKLA","BC",161
"DILDO","NL",161
"STEAM MILL","NS",161
"CHIASSON OFFICE","NB",161
"KIPPEN","ON",161
"BAY DU VIN","NB",160
"WOLFVILLE RIDGE","NS",160
"DIVISION NO.  7, SUBD. L","NL",160
"RESTON","MB",160
"INWOOD","ON",160
"DIVISION NO.  1, SUBD. X","NL",160
"HILLVIEW","NL",160
"GRAND TRACADIE","PE",160
"LENNOX ISLAND","PE",160
"DIVISION NO. 17, UNORGANIZED","MB",160
"PORT JOLI","NS",160
"FRANKVILLE","NS",159
"BAYSIDE","NS",158
"KINGS HEAD","NS",158
"LETHBRIDGE","NL",158
"CHARLOTTETOWN","NL",158
"MATTAWAN","ON",158
"BRUNNER","ON",158
"CHELSEA","NS",158
"BOWSMAN","MB",158
"SAGARD","QC",158
"SASKATCHEWAN BEACH","SK",158
"BALMORAL","MB",158
"KOUCHIBOUGUAC","NB",158
"MARCHAND","MB",158
"MARTOCK","NS",157
"POINTE-BRULEE","NB",157
"GRAFTON","NS",157
"FURRY CREEK","BC",157
"ENOCH","AB",157
"ANAHIM LAKE","BC",157
"GREENFIELD","NB",157
"KINGSPORT","NS",156
"GRAND DESERT","NS",156
"CARIBOU ISLAND","NS",156
"TLELL","BC",156
"DENZIL","SK",156
"SAINTE-JEANNE-D'ARC-DE-LA-MITI","QC",156
"NORTH KINGSTON","NS",156
"DIVISION NO.  6, SUBD. C","NL",156
"CADILLAC","SK",156
"GAMBIER ISLAND","BC",156
"SOUTH VIEW","AB",156
"PELICAN NARROWS 184B","SK",156
"TUGASKE","SK",156
"HAUT-LAMEQUE","NB",156
"MOUNT HERBERT","PE",156
"DOUGLAS","MB",155
"SEVEN PERSONS","AB",155
"WEST DOVER","NS",155
"MARSHFIELD","PE",155
"NEWBORO","ON",155
"SANDFORD","ON",155
"RHODES CORNER","NS",155
"NORTH KENTVILLE","NS",155
"COTE NO. 271","SK",154
"WELSFORD","NB",154
"BIRCH GROVE","NS",154
"WATERBOROUGH","NB",154
"ROYAL ROAD","NB",154
"PARRY ISLAND FIRST NATION","ON",154
"ALKALI LAKE 1","BC",154
"HAUT-SHIPPAGAN","NB",154
"MUNDLEVILLE","NB",153
"GASPEREAUX","PE",153
"EVANGELINE","NB",153
"COUNTY OF ST. PAUL","AB",153
"ELLERSLIE-BIDEFORD","PE",153
"FIRST SOUTH","NS",153
"GREENWOOD SQUARE","NS",153
"SALMON COVE BDV","NL",153
"ARTHURETTE","NB",153
"DUGUAYVILLE","NB",153
"EAGLE CREEK","BC",152
"SHEMOGUE","NB",152
"VILLAGE SAINT-PIERRE","QC",152
"MIDDLE RIVER","NB",152
"WASKADA","MB",152
"EUREKA","NS",152
"VAVENBY","BC",152
"BROOKLYN CORNER","NS",152
"CLAM POINT","NS",152
"SANDFORD","NS",152
"UPPER WOODSTOCK","NB",152
"MARCELIN","SK",152
"HOWDEN","MB",151
"MADRAN","NB",151
"VICTORIA CROSS","PE",151
"GROVES POINT","NS",151
"SOUTH WEST MARGAREE","NS",151
"LOWER WEST PUBNICO","NS",151
"KING KIRKLAND","ON",151
"MANKOTA","SK",151
"THREE FATHOM HARBOUR","NS",150
"NANOOSE","BC",150
"SALISBURY WEST","NB",150
"ILE-A-LA-CROSSE","SK",150
"LINDEN","NS",150
"MALPEQUE","PE",150
"UPPER KENNETCOOK","NS",150
"GRAND MIRA NORTH","NS",150
"COOKS BROOK","NS",149
"CHANCE HARBOUR","NB",149
"ST LAZARE","MB",149
"MARSHALLTOWN","NS",149
"PORT MEDWAY","NS",149
"DEAD MAN'S FLATS","AB",149
"GLENLEVIT","NB",149
"PARKERS COVE","NS",149
"MOBERLY LAKE","BC",149
"HARDWICKE","NB",149
"STRATHADAM","NB",149
"WIRRAL","NB",149
"SOMERSET","NS",149
"RIVER VALLEY","ON",149
"BLUE ROCKS","NS",149
"WINDSOR FORKS","NS",149
"MIDDLE STEWIACKE","NS",148
"EAST BAY","NS",148
"ALLANBURG","ON",148
"ROACHVILLE","NB",148
"LOTS-RENVERSES","QC",148
"CARIBOU RIVER","NS",148
"WEYMOUTH NORTH","NS",148
"HOCHFELD","MB",148
"WALFORD STATION","ON",147
"LOWER NEWCASTLE","NB",147
"BRANCH LAHAVE","NS",147
"FOREST HILL","NS",147
"UPPER SALMON CREEK","NB",147
"SILVER WATER","ON",147
"POINT LA NIM","NB",146
"EARLTON","ON",146
"MALAGAWATCH 4","NS",146
"LAKE ERROCK","BC",146
"POINTE-CANOT","NB",146
"CENTRAL COAST E","BC",146
"MANITOU RAPIDS 11","ON",146
"WATERVILLE CARLETON CO","NB",146
"DIVISION NO.  4, SUBD. A","NL",146
"WEST PETPESWICK","NS",146
"FOX LAKE 162","AB",146
"WOYENNE 27","BC",146
"GAUTHIER","ON",146
"BONNE BAY POND","NL",145
"COOKVILLE","NS",145
"LAPLANTE","NB",145
"STILESVILLE","NB",145
"SAINT-WILFRED","NB",145
"SKIFF LAKE","NB",145
"WHITES COVE","NB",145
"UPPER STEWIACKE","NS",145
"PENELAKUT ISLAND","BC",145
"MURRAY RIVER, PART 2","PE",144
"WASKESIU LAKE","SK",144
"CORMORANT","MB",144
"PUBLIC LANDING","NB",144
"NEW BANDON NORTHUMB CO","NB",144
"TOGO","SK",144
"ST. BERNARD","NS",144
"TURTLE CREEK","NB",144
"JANEVILLE","NB",144
"CANYON CREEK","AB",144
"SALT SPRINGS","NB",144
"DAVIDSON","QC",144
"LARKSPUR","AB",144
"BEAUVAL","SK",144
"YORK LANDING","MB",144
"CLEAR CREEK","ON",143
"BARNABY","NB",143
"CREELMAN","SK",143
"CAVENDISH","PE",143
"AMARANTH","MB",143
"BUSBY","AB",143
"WELSHTOWN","NS",143
"GRAND RIVER","NS",143
"PUTNAM","ON",143
"WARWICK TOWNSHIP","ON",142
"LAC LE JEUNE","BC",142
"UPPER NAPPAN","NS",142
"EAST RIVER POINT","NS",142
"ANNAPOLIS VALLEY FIRST NATION","NS",142
"KIERSTEADVILLE","NB",142
"BEASLEY","BC",142
"SIMPSON","SK",142
"WILTON NO. 472","SK",142
"HIAWATHA FIRST NATION","ON",142
"CUTLER","ON",142
"TOWER ROAD","NS",142
"WAHNAPITEI 11","ON",142
"LAC SEUL 28","ON",142
"NAUTLEY (FORT FRASER) 1","BC",142
"DILKE","SK",142
"FIVE ISLANDS","NS",141
"TANTALLON","SK",141
"HACHEYVILLE","NB",141
"RIVER PHILIP","NS",141
"SCOTCH VILLAGE","NS",141
"CALDER","SK",141
"BRISTOL'S HOPE","NL",141
"TRENT RIVER","ON",141
"LOCKHARTVILLE","NS",140
"ECONOMY","NS",140
"NEW DOMINION","PE",140
"ELFROS","SK",140
"LAKAHAHMEN 11","BC",140
"PARSONS POND","NL",140
"RED BAY","NL",140
"CLINTON","PE",140
"LIMERICK","SK",140
"SAINT-JACQUES-LE-MAJEUR","QC",140
"MORSON","ON",140
"VICTORIA MINES","NS",140
"GRAND MIRA SOUTH","NS",139
"GRANVILLE CENTRE","NS",139
"LITTLE SHEMOGUE","NB",139
"PLENTY","SK",139
"CONROD SETTLEMENT","NS",139
"MINIOTA","MB",139
"PETIT-PAQUETVILLE","NB",139
"ROSEBROOK","MB",139
"LAMALINE","NL",138
"RIPPLES","NB",138
"GRASSWOOD","SK",138
"CAMPERDOWN","NS",138
"ST. MARY'S","NL",138
"OYSTER POND","NS",138
"OTTERBURNE","MB",138
"MERVIN NO. 499","SK",138
"PABINEAU 11","NB",138
"BRADWELL","SK",138
"SUNKEN LAKE","NS",138
"JANSEN","SK",138
"FORT CHIPEWYAN","AB",137
"GERALD","SK",137
"JACQUES","ON",137
"TITUSVILLE","NB",137
"CANTON DES BASQUES","NB",137
"HATFIELD POINT","NB",137
"GRINDROD","BC",137
"GIROUX","MB",137
"MIRAMICHI ROAD","NB",137
"ROSEWOOD","MB",137
"WEST ST ANDREWS","NS",137
"MARSHVILLE","NS",137
"LAKE HELEN 53A","ON",136
"DONALDSTON","PE",136
"UPPER CLEMENTS","NS",136
"TIGER LILY","AB",136
"POINTE-DES-ROBICHAUD","NB",136
"CHAMBERLAIN","SK",136
"YOUNGS COVE","NB",136
"WICKLOW","NB",136
"UPPER CAPE","NB",136
"MAKINSONS","NL",135
"ENCHANT","AB",135
"FAIRFIELD","NB",135
"CAMPDEN","ON",135
"TRUDEL","NB",135
"KINUSO","AB",134
"MCKEES MILLS","NB",134
"SHESHEGWANING 20","ON",134
"NEILS HARBOUR","NS",134
"FRENCH RIVER 13","ON",134
"HAGAR","ON",134
"WORSLEY","AB",134
"MILLCOVE","PE",134
"KEDGWICK NORD","NB",134
"EAST JEDDORE","NS",133
"GRAND LAKE ROAD","NS",133
"MCGRAY","NS",133
"DAKOTA TIPI","MB",133
"MOUNT CARMEL","NL",133
"PARKSIDE","SK",133
"TORRINGTON","AB",133
"WEAGAMOW LAKE","ON",133
"FORT ELLIS","NS",133
"UPPER BLACKVILLE","NB",133
"BLACK POINT","NS",132
"CENTRE BURLINGTON","NS",132
"NORTH SHORE","NS",132
"CAPUCINS","QC",132
"DUVAL","SK",132
"ESCUMINAC","NB",132
"SECOND NORTH RIVER","NB",132
"HALF MOON BAY","AB",132
"BERWICK","NB",132
"SCOTCHFORT","PE",132
"FORT HOPE 64","ON",132
"BEN EOIN","NS",132
"RIVIERE-BONAVENTURE","QC",132
"POINTE-A-TOM","NB",132
"KOOTENAY BAY","BC",132
"SAINT-PONS","NB",132
"SPRINGVILLE","NS",132
"AHMIC HARBOUR","ON",132
"BRAESHORE","NS",132
"WOLINAK","QC",131
"KENMORE","ON",131
"WAWEIG","NB",131
"LORING","ON",131
"NORTHPORT","NS",131
"GOFFS","NS",131
"OIL CITY","ON",131
"SAINT-THOMAS-DE-KENT","NB",131
"NAZKO","BC",131
"COLLIERS RIVERHEAD","NL",131
"LETANG","NB",131
"BELLE RIVER","PE",131
"ALDERSYDE","AB",130
"PROCTER","BC",130
"WASECA","SK",130
"AUBURNDALE","NS",130
"ST. PAULS","NL",130
"COLEYS POINT SOUTH","NL",130
"STURGEON","PE",130
"LOWER EAST CHEZZETCOOK","NS",130
"VAL-PARADIS","QC",130
"BEAVERBROOK","NB",130
"MARGATE","PE",130
"ROSS SPUR","BC",130
"AHAHSWINIS 1","BC",130
"GOGAMA","ON",130
"ELK LAKE","ON",129
"MARYVALE","NS",129
"LITTLE FORT","BC",129
"NASH CREEK","NB",129
"DEASE LAKE","BC",129
"POCOLOGAN","NB",129
"BEAVER BROOK","NS",129
"HYAS","SK",129
"SYDNEY RIVER","NS",129
"LA TABATIERE","QC",129
"ALBERTVILLE","SK",129
"UPPER VAUGHAN","NS",129
"ENILDA","AB",128
"NORTH WINSLOE","PE",128
"PLEASANT BAY","NS",128
"PLUMWESEEP","NB",128
"FULLARTON","ON",128
"CARTERS POINT","NB",128
"STENEN","SK",128
"TOWER HILL","NB",128
"INVERGORDON NO. 430","SK",128
"WAKEFIELD","NB",128
"INKERMAN FERRY","NB",128
"INWOOD","MB",128
"FOX HARBOUR","NS",128
"WEBBWOOD","ON",128
"YMIR","BC",128
"UPHAM","NB",128
"ASHMORE","NS",127
"RADWAY","AB",127
"RICHMOND CORNER","NB",127
"MEDSTEAD","SK",127
"OVERTON","NS",127
"INDIAN RIVER","PE",127
"GUNTON","MB",127
"UPPER REXTON","NB",127
"HILLSBURN","NS",127
"DIVISION NO.  3, SUBD. H","NL",126
"HANTS HARBOUR","NL",126
"SOUTH LAKE","SK",126
"CEYLON","SK",126
"SAMPSONVILLE","NS",126
"CAMP MORTON","MB",126
"WESTMOUNT","NS",126
"SABASKONG BAY 35D","ON",126
"UPPER KENT","NB",126
"ST. CROIX","NS",126
"MAYFIELD","PE",126
"KATZIE 1","BC",126
"DEADWOOD","AB",126
"NOTRE DAME DE LOURDES","NB",126
"HILLCREST MINES","AB",126
"PEMBROKE","NS",126
"FARRELLTON","QC",126
"LITTLE POND","PE",126
"SYLVESTER","NS",126
"LOWER ARGYLE","NS",126
"WHITEFISH FALLS","ON",125
"MORRISTOWN","NS",125
"RM OF ORKNEY NO. 244","SK",125
"MADELEINE-CENTRE","QC",125
"HAWK JUNCTION","ON",125
"WATERLOO","NS",125
"BLISSFIELD","NB",125
"ROCKY POINT","PE",125
"SOUTH ALTON","NS",125
"LOREBURN","SK",125
"STORTHOAKS","SK",125
"MURPHY LAKE","NS",125
"KEDGWICK SUD","NB",125
"POKESUDIE","NB",124
"BROAD COVE","NS",124
"SEMIAHMOO","BC",124
"LITTLE BAY PB","NL",124
"EAST STEWIACKE","NS",124
"SCOUDOUC ROAD","NB",124
"THESSALON 12","ON",124
"SAINTE-CECILE","NB",124
"HERON BAY","ON",124
"MIDGIC","NB",124
"MONTAGUE GOLD MINES","NS",124
"EAST LAKE AINSLIE","NS",124
"MIDDLE LAHAVE","NS",124
"BAY L'ARGENT","NL",124
"SHEFFIELD MILLS","NS",124
"DACRE","ON",124
"NASHWAAK VILLAGE","NB",124
"UNION CORNER","NS",124
"NORTHWEST COVE","NS",124
"ST MARGARETS","NB",124
"EMERYVILLE","ON",124
"MCPHERSONS MILLS","NS",124
"BAYHEAD","NS",123
"AULAC","NB",123
"NEWBRIDGE","NB",123
"EAST KINGSTON","NS",123
"LONGBOW LAKE","ON",123
"GRAND PRE","NS",123
"HARVIE HEIGHTS","AB",123
"CUMBERLAND HOUSE","SK",123
"LINDEN","MB",123
"WILBERFORCE","ON",122
"ALLISON","NB",122
"BRASS HILL","NS",122
"LAKE CHARLOTTE","NS",122
"LITTLE DOVER","NS",122
"SIEGAS","NB",122
"LA MORANDIERE","QC",122
"INKERMAN","ON",122
"BOLSOVER","ON",122
"MUSKODAY FIRST NATION","SK",122
"WELDON","NB",122
"PETIT DE GRAT","NS",122
"KEMPTOWN","NS",122
"EAST DOVER","NS",122
"ROSE PRAIRIE","BC",122
"LAVAL-OUEST","QC",122
"MOUNT PLEASANT","NS",122
"BELMONT","MB",121
"MIDDLEWOOD","NS",121
"ALGOMA MILLS","ON",121
"LEADING TICKLES","NL",121
"LITTLE BROOK","NS",121
"UPPER PORT LA TOUR","NS",121
"FRENCHVALE","NS",121
"MADAWASKA MALISEET FRST NATION","NB",121
"DUNSTAFFNAGE","PE",121
"CARIEVALE","SK",121
"EAST LAHAVE","NS",121
"SACHIGO LAKE 1","ON",120
"EAST MARGARETSVILLE","NS",120
"BROCK","SK",120
"FRANCOIS LAKE","BC",120
"LAKEVALE","NS",120
"HAPPYLAND NO. 231","SK",120
"B-SAY-TAH","SK",120
"PORT ANSON","NL",120
"LAC-CASAULT","QC",120
"WHEATON SETTLEMENT","NB",120
"LOWER WEDGEPORT","NS",119
"MILTON HIGHLANDS","NS",119
"WILLIAMS POINT","NS",119
"WYEBRIDGE","ON",119
"GALLOWAY","NB",119
"WOODRIDGE","MB",119
"SAINTE-LOUISE","NB",119
"MILLTOWN","NL",119
"STARBUCK","MB",119
"ST. GEORGES","MB",119
"MIDDLE WEST PUBNICO","NS",119
"CAP-BATEAU","NB",119
"DEEP COVE","NS",118
"PAKUASHIPI","QC",118
"GORDONSVILLE","NB",118
"FERGUSONS COVE","NS",118
"TENMILE HOUSE","PE",118
"CHAMBERLAIN SETTLEMENT","NB",118
"SOUTH NELSON","NB",118
"PILLEYS ISLAND","NL",118
"GRANDMOTHER'S BAY 219","SK",118
"SUMMERFIELD CARLETON CO","NB",118
"FORT LAWRENCE","NS",118
"FALCON BEACH","MB",118
"ULKATCHO 14A","BC",118
"MAYFIELD","NB",118
"RICE POINT","PE",118
"UPPER BROOKSIDE","NS",118
"NORTH NOEL ROAD","NS",118
"NOOAITCH 10","BC",118
"LITTLE RAPIDS","NL",118
"CROTON","ON",118
"HEATHLAND","NB",117
"BRAZIL LAKE","NS",117
"BRIERLY BROOK","NS",117
"BAINE HARBOUR","NL",117
"CLEARDALE","AB",117
"ROCHESTER","AB",117
"BRULE","NS",117
"BAYSWATER","NB",117
"DOUGLAS HARBOUR","NB",117
"RED EARTH CREEK","AB",117
"AIYANSH","BC",117
"WEST BAY","NS",116
"EDGETTS LANDING","NB",116
"BAYSWATER","NS",116
"MCLEESE LAKE","BC",116
"SPRAGGE","ON",116
"JAMES SMITH 100","SK",116
"CAPE GEORGE","NS",116
"CYPRESS RIVER","MB",116
"IMPROVEMENT DISTRICT NO. 4 WATERTON","AB",116
"VILLEBOIS","QC",116
"EAST GATE","BC",116
"THE DALLES 38C","ON",116
"KEDGWICK RIVER","NB",116
"OLD FORT BAY","QC",115
"BROW OF THE MOUNTAIN","NS",115
"WOOD ISLANDS","PE",115
"MONARCH","AB",115
"COCHENOUR","ON",115
"MIDVILLE BRANCH","NS",115
"BLOOMINGDALE","ON",115
"MALAGASH CENTRE","NS",115
"NICHOLAS DENYS","NB",114
"CARON NO. 162","SK",114
"MALIGNANT COVE","NS",114
"SHIP HARBOUR","NS",114
"CHAPEL COVE","NL",114
"PORT CALEDONIA","NS",114
"JOHNVILLE","NB",114
"LOWER BRIGHTON","NB",114
"CHORTITZ","MB",114
"WILLOW RIVER","BC",114
"DIVISION NO. 20, UNORGANIZED, SOUTH PART","MB",114
"BRENT'S COVE","NL",114
"KINGSBURG","NS",114
"LIVELONG","SK",114
"EAGLESHAM","AB",114
"FRESHWATER PB","NL",113
"KELVIN GROVE","PE",113
"WOODHAM","ON",113
"WARWICK SETTLEMENT","NB",113
"CENTRAL GREENWICH","NB",113
"DORINTOSH","SK",113
"VALLEY ROAD","NB",113
"LAVOY","AB",113
"INGRAMPORT","NS",113
"SPRINGVALE","PE",113
"GLENELLA","MB",113
"ROSS FERRY","NS",113
"LONG RIVER","PE",113
"INDIAN ISLAND","NB",113
"PADDOCKWOOD","SK",113
"EVANSTON","NS",113
"SAVOIE LANDING","NB",113
"LAC-WALKER","QC",112
"UPPER GRANVILLE","NS",112
"KUSKANOOK","BC",112
"ARDOCH","ON",112
"L'ISLE-AUX-GRUES","QC",112
"MACTAQUAC","NB",112
"BELLIVEAUS COVE","NS",112
"WHITE RAPIDS","NB",112
"CAPE TORMENTINE","NB",112
"SCOTCH HILL","NS",112
"BOULARDERIE CENTER","NS",112
"RALSTON","AB",112
"PRIESTVILLE","NS",112
"WILKESPORT","ON",112
"IONA","NS",112
"MISSION 1","BC",112
"PETIT-SHIPPAGAN","NB",112
"WABIGOON","ON",112
"WEST RIVER","NS",112
"LIBERTY","SK",112
"DIVISION NO.  1, SUBD. L","NL",112
"POOL'S COVE","NL",112
"BEAR RIVER (PART) 6","NS",112
"BADJEROS","ON",112
"ST EUSTACHE","MB",111
"BLOOMING POINT","PE",111
"GABARUS","NS",111
"BRIGHTON","NS",111
"LOWER OHIO","NS",111
"NEWBURG","NB",111
"SOUTHSIDE BOULARDERIE","NS",111
"MALAHAT","BC",111
"PORT RENFREW","BC",111
"DAWSON SETTLEMENT","NB",111
"VOGLERS COVE","NS",111
"GROVE HILL","NB",110
"ERBS COVE","NB",110
"PELICAN NARROWS","SK",110
"KINMOUNT","ON",110
"CUMBERLAND BEACH","ON",110
"ROCKLAND","NS",110
"BRISCO","BC",110
"PASSES-DANGEREUSES","QC",110
"CENTREPORT","MB",110
"HUXLEY","AB",110
"HALALT 2","BC",110
"NEW EDINBURGH","NS",110
"BAYFIELD","NB",110
"SPRINGFIELD KINGS CO","NB",110
"STOKES BAY","ON",110
"KNUTSFORD","PE",110
"NORTH PINE","BC",110
"BOUCTOUCHE COVE","NB",110
"SAND BEACH","NS",109
"LOCH BROOM","NS",109
"SCOTS BAY","NS",109
"LOCH LOMOND","NS",109
"TOMSLAKE","BC",109
"ROCKDALE","NS",109
"AGUATHUNA","NL",109
"NEW PROSPECT","NS",109
"PIERSON","MB",109
"DANIELS HARBOUR","NL",109
"THREE BROOKS","NS",109
"LODGEPOLE","AB",109
"FAUQUIER","BC",108
"ABEE","AB",108
"WHITESAND","ON",108
"POWNAL","PE",108
"ANAHIM'S FLAT 1","BC",108
"BRENTON","NS",108
"ISLINGTON","NL",108
"CHERRY HILL","NS",108
"SMEATON","SK",108
"TACHE 1","BC",108
"ELDERBANK","NS",108
"CONKLIN","AB",108
"BELLEFOND","NB",108
"DIVISION NO.  5, SUBD. E","NL",108
"WHITE HEAD ISLAND","NB",108
"WARREN","NS",108
"OAK POINT","NB",107
"JOE BATTS ARM","NL",107
"WAGMATCOOK","NS",107
"WILLIAMSBURG","NB",107
"WANHAM","AB",107
"BONNE BAY","NL",107
"MILL COVE","NB",107
"AUBURN","NS",107
"SAMBRO HEAD","NS",107
"WEST LOCHABER","NS",107
"LOWE FARM","MB",107
"ARISAIG","NS",107
"CAPE NORTH","NS",107
"ZEALANDIA","SK",106
"ROWLEY","NB",106
"UNION BAY 4","BC",106
"CHURCHVILLE","NS",106
"BORNHOLM","ON",106
"CASSILIS","NB",106
"DEER VALLEY","SK",106
"MOORES MILLS","NB",106
"CEREAL","AB",106
"IRVINE","AB",106
"COLDWATER 1","BC",106
"MOUNT WILLIAM","NS",106
"SILLIKERS","NB",106
"HILLSIDE BOULARDERIE","NS",106
"LAC-NORMAND","QC",106
"SOUTHERN HARBOUR PB","NL",105
"ROCKVILLE","NS",105
"HARDWOOD LANDS","NS",105
"MUTTON BAY","QC",105
"DIPPER HARBOUR","NB",105
"LONG CREEK","PE",105
"POINTE A BOULEAU","NB",105
"GLEN HURON","ON",105
"POINT DE BUTE","NB",105
"WEST PENNANT","NS",105
"ASHDALE","NS",105
"DAPP","AB",105
"SEA VIEW","PE",105
"CENTRAL CARIBOU","NS",105
"BOIS-BLANC","NB",105
"TONEY RIVER","NS",104
"CROCKER HILL","NB",104
"ALEXIS CREEK","BC",104
"PATRICIA","AB",104
"MOUNT DENSON","NS",104
"NORTH LAKE","NB",104
"CODYS","NB",104
"KENTON","MB",104
"MISSISSAUGAS OF SCUGOG ISLAND","ON",104
"BEHCHOKO","NT",104
"FELTZEN SOUTH","NS",104
"GAUVREAU","NB",104
"LUSHES BIGHT-BEAUMONT-BEAUMONT NORTH","NL",104
"COALBURN","NS",104
"LITTLE BAY","NL",104
"MONTNEY","BC",104
"ALCIDA","NB",104
"GRANVILLE","PE",104
"UPPER BURLINGTON","NS",104
"DUTCH BROOK","NS",103
"BIRCHY HEAD","NL",103
"WESTCHESTER STATION","NS",103
"WITTENBURG","NS",103
"SESEKINIKA","ON",103
"NORTH BEND","BC",103
"HALKIRK","AB",103
"NEW RIVER BEACH","NB",102
"JAMES RIVER","NS",102
"DUCK BAY","MB",102
"SOUTH WINSLOE","PE",102
"MOSCHELLE","NS",102
"MILES COVE","NL",102
"INDIAN RANCH","NB",102
"BAY TREE","AB",102
"SHEFFIELD","ON",102
"OLD BARNS","NS",102
"LOON LAKE NO. 561","SK",102
"LAC-ASHUAPMUSHUAN","QC",102
"BARRACHOIS","NS",102
"BLUESKY","AB",102
"SCOTCH SETTLEMENT YORK CO","NB",102
"PICKARDVILLE","AB",102
"PORT GEORGE","NS",101
"CONDOR","AB",101
"ROSAIREVILLE","NB",101
"FORT ASSINIBOINE","AB",101
"SCANDIA","AB",101
"DILIGENT RIVER","NS",101
"RIVIERE-MADELEINE","QC",101
"SMITHTOWN","NB",101
"GRAY CREEK","BC",101
"GASPEREAU FORKS","NB",101
"VENOSTA","QC",101
"CENTRAL NORTH RIVER","NS",101
"GLENCOE, RESTIGOUCHE COUNTY","NB",101
"BISHOPVILLE","NS",101
"DONAGH","PE",101
"BLOOMFIELD RIDGE","NB",101
"BELLE VALLEE","ON",101
"THE GLADES","NB",101
"HOLMESVILLE","NB",101
"MAXWELL","NB",101
"JORDAN BAY","NS",101
"MEADOW CREEK","BC",101
"GLEICHEN","AB",101
"CHRISTMAS ISLAND","NS",100
"NEWCASTLE CREEK","NB",100
"CLEARWATER RIVER","SK",100
"OAKBURN","MB",100
"SUN VALLEY","SK",100
"SUFFOLK","PE",100
"MEOTA NO. 468","SK",100
"SHOAL LAKE 39A","ON",100
"HECKMANS ISLAND","NS",100
"MACDOUGALL SETTLEMENT","NB",100
"EAST GORE","NS",100
"PORT WADE","NS",100
"NORTH GROVE","SK",100
"HAZLET","SK",100
"DOKIS FIRST NATION","ON",100
"NORTH BUXTON","ON",100
"BLUE RIVER","BC",100
"ST JUDES","NL",100
"LOWER FREETOWN","PE",100
"HARTFORD","NB",99
"ORANGEDALE","NS",99
"SEVEN SISTERS FALLS","MB",99
"MCLURE","BC",99
"KINCOLITH","BC",99
"TUXFORD","SK",99
"TOPLEY","BC",99
"ST GERMAIN SOUTH","MB",99
"MOYIE","BC",99
"SAINT-LAURENT","NB",99
"KINSAC","NS",99
"LITTLE POND","NS",99
"BENACADIE","NS",99
"BURRITTS RAPIDS","ON",98
"BELLEVUE","NL",98
"CHASWOOD","NS",98
"CHARLESTON","NS",98
"NEWTOWN","NL",98
"ST BERNARDS-JACQUES FONTAINE","NL",98
"GREGOIRE LAKE 176A","AB",98
"SCOTCH LAKE","NB",98
"CENTRAL COAST A","BC",98
"SKWAY 5","BC",98
"CHEVERY","QC",98
"LAKEVILLE CARLETON CO","NB",98
"CRESTON 1","BC",98
"QUESNEL 1","BC",98
"GOODERHAM","ON",98
"MCNAMEE","NB",98
"BAXTERS HARBOUR","NS",98
"EDEN LAKE","NS",98
"SARTO","MB",98
"FOUR ROADS","NB",98
"TETE-A-LA-BALEINE","QC",98
"KIPPASE 2","BC",98
"LEITCHES CREEK","NS",98
"BONANZA","AB",98
"DUBUC","SK",98
"BOOM ROAD","NB",98
"BRENTWOOD","NS",98
"CARLOW","NB",97
"COAL CREEK","NB",97
"MEDUCTIC","NB",97
"MOUNTAIN VIEW","AB",97
"STROME","AB",97
"STONEY CREEK","NB",97
"HAWKES BAY","NL",97
"BARNETTVILLE","NB",97
"KINGSBORO","PE",97
"MOLEGA LAKE","NS",97
"SIK-E-DAKH","BC",97
"ST IVES","BC",97
"PLUMAS","MB",97
"L'ETETE","NB",97
"DAMASCUS","NB",97
"MAIN POINT","NL",96
"HAUT-PAQUETVILLE","NB",96
"POINTE-AUX-LOUPS","QC",96
"EAST KEMPTVILLE","NS",96
"CHAWATHIL 4","BC",96
"GALLANTS","NL",96
"PORTAGE","NB",96
"AYLSHAM","SK",96
"LABELLE","NS",96
"BOISDALE","NS",96
"TIGNISH SHORE","PE",96
"IBEX VALLEY","YT",96
"MAQUAPIT LAKE","NB",96
"SIMONDS","NB",96
"FORT AUGUSTUS","PE",96
"BUCTOUCHE 16","NB",96
"WISETON","SK",96
"SAINT-GREGOIRE","NB",96
"LITTLE CATALINA","NL",96
"GALAHAD","AB",95
"RIVERSDALE","NS",95
"SUMMIT LAKE","BC",95
"ALTON","NS",95
"FOREST GLEN","NS",95
"BEAVER COVE","NS",95
"KINTORE","ON",95
"SPECTACLE LAKES","NS",95
"RM OF SHERWOOD","SK",95
"TRINITY BB","NL",95
"BAYPORT","NS",95
"WOODMANS POINT","NB",95
"ROSE BAY","NS",95
"KITKATLA","BC",95
"UPPER QUEENSBURY","NB",95
"JORDAN RIVER","BC",95
"WEST BROOKLYN","NS",95
"CHITEK LAKE","SK",95
"PORT UNION","NL",95
"TROUT BROOK","NB",95
"MCKILLOP NO. 220","SK",94
"FORT MCKAY 174","AB",94
"UPPER TRACY","NB",94
"ADDINGTON FORKS","NS",94
"ENNISKILLEN NO. 3","SK",94
"TRINITY (TRINITY BAY)","NL",94
"MORRISDALE","NB",94
"BURNT CHURCH","NB",94
"PORT LA TOUR","NS",94
"MURRAY HARBOUR NORTH","PE",94
"NOEL","NS",94
"DIVISION NO.  8, SUBD. G","NL",94
"STANLEY","NS",94
"NIMPO LAKE","BC",94
"MINGS BIGHT","NL",94
"ROCHEBAUCOURT","QC",94
"VICTORIA VALE","NS",94
"DESMELOIZES","QC",94
"HABITANT","NS",94
"HORTONVILLE","NS",94
"GREAT FALLS","MB",94
"SOUTH BRANCH","NS",94
"PETIT-TRACADIE","NB",93
"BELLEVILLE","NB",93
"BALFRON","NS",93
"DARWELL","AB",93
"WOODSTOCK","PE",93
"CAZAVILLE","QC",93
"UPPER LAKEVILLE","NS",93
"STICKNEY","NB",93
"GRANDE GREVE","NS",93
"ST LUNAIRE-GRIQUET","NL",93
"OAK RIVER","MB",93
"MARQUIS","SK",93
"BLACK LAKE","SK",93
"BENOIT","NB",93
"KAPASIWIN","AB",93
"CLYDESDALE","NS",92
"CHEPSTOW","PE",92
"OXFORD JUNCTION","NS",92
"UPPER NORTHFIELD","NS",92
"KITSAKIE 156B","SK",92
"CHEVERIE","NS",92
"CALIFORNIA SETTLEMENT","NB",92
"ROLLO BAY","PE",92
"ST-JEAN-BAPTISTE","NB",92
"TILDEN LAKE","ON",92
"ROUND HILL","AB",92
"SAINT-MAURE","NB",92
"YAHK","BC",92
"FLORADALE","ON",92
"ISLANDVIEW","NS",92
"OHAMIL 1","BC",92
"HOPEWELL CAPE","NB",92
"SHAWANAGA 17","ON",92
"BIRCH COVE","AB",92
"PURPLE SPRINGS","AB",92
"GEM","AB",92
"SEABROOK","NS",92
"AINSWORTH HOT SPRINGS","BC",91
"DIXONVILLE","AB",91
"SEELEYS COVE","NB",91
"RINES CREEK","NS",91
"BRULE SHORE","NS",91
"BAY VIEW","NB",91
"CENTRE","NS",91
"ROSEMONT","ON",91
"PINE RIVER","MB",91
"HOLTVILLE","NB",91
"CLARENDON","NB",91
"GREEN BAY","NS",91
"CLARENDON STATION","ON",91
"LETELLIER","MB",91
"MARGAREE FORKS","NS",91
"AVONDALE","NS",91
"HOPEWELL HILL","NB",90
"FORT GEORGE 2","BC",90
"KANNATA VALLEY","SK",90
"DEWDNEY","BC",90
"NORTH WALLACE","NS",90
"MACRORIE","SK",90
"NEW LINE","NB",90
"NESKONLITH","BC",90
"PORTER COVE","NB",90
"BRYANT'S COVE","NL",90
"SASKATCHEWAN LANDING NO. 167","SK",90
"CUMBERLAND HOUSE CREE NATION 20","SK",90
"SHEFFIELD","NB",90
"SUCKER RIVER 156C","SK",90
"UPPER NORTH RIVER","NS",90
"CROUSETOWN","NS",90
"WALLACE","NS",90
"HUSTALEN 1","BC",90
"SEAFOAM","NS",89
"LYTTLETON","NB",89
"JACKSONTOWN","NB",89
"WALLBROOK","NS",89
"VICTORIA BEACH","NS",89
"KENVILLE","MB",89
"MACKEY","ON",89
"MACKAY SIDING","NS",89
"SPRING VALLEY","PE",89
"SOUTH MAITLAND","NS",89
"VALHALLA CENTRE","AB",89
"SAINTE-ROSETTE","NB",89
"MOUNT HANLEY","NS",89
"NORTH MILTON","PE",89
"GLENMONT","NS",89
"CROSS CREEK","NB",89
"TRACYVILLE","NB",89
"MD OF BONNYVILLE","AB",89
"ST-JOSEPH-DU-MOINE","NS",88
"UPPER DYKE","NS",88
"KOKSILAH","BC",88
"WAIPAROUS","AB",88
"NORTH TACLA LAKE","BC",88
"ALVENA","SK",88
"ELMA","MB",88
"LAURIER","MB",88
"LILLOOET 1","BC",88
"L'ANSE AU CLAIR","NL",88
"TEES","AB",88
"FAIRVIEW","PE",88
"MALAHAT 11","BC",88
"ACACIAVILLE","NS",88
"WATERSIDE","NS",87
"SISSON RIDGE","NB",87
"KEMPT SHORE","NS",87
"COOKING LAKE","AB",87
"DALHOUSIE","QC",87
"BRIGGS CORNER QUEENS CO","NB",87
"MELANSON","NS",87
"WEAVER SETTLEMENT","NS",87
"HADASHVILLE","MB",87
"SANCA","BC",87
"LOWER BURLINGTON","NS",87
"LONG ISLAND","NS",87
"DEBEC","NB",87
"COATSWORTH STATION","ON",87
"PORT HOPE SIMPSON","NL",87
"ST MARYS","NL",87
"NEW MARKET","NB",87
"ALKALI LAKE","BC",87
"ST. CHARLES","PE",87
"WEST AMHERST","NS",87
"CENTRAL CHEBOGUE","NS",87
"PAWITIK","ON",87
"SUTHERLAND LAKE","NS",87
"PAYS PLAT 51","ON",86
"BAIE DE PETIT-POKEMOUCHE","NB",86
"PORTAPIQUE","NS",86
"ST. VINCENT'S-ST. STEPHEN'S-PETER'S RIVER","NL",86
"BLACKETTS LAKE","NS",86
"FLAT RIVER","PE",86
"DIVISION NO.  1, SUBD. H","NL",86
"ALLAINVILLE","NB",86
"MARGARETSVILLE","NS",86
"RIVIERE-OJIMA","QC",86
"DIVISION NO.  1, SUBD. R","NL",86
"FLATLANDS","NB",86
"UPPER MALAGASH","NS",86
"RILEY BROOK","NB",86
"SAINT-ANTOINE SUD","NB",86
"CHERRY BROOK","NS",86
"BEACONSFIELD","NB",86
"BAIRDSVILLE","NB",86
"BRIDGE LAKE","BC",86
"PENNANT","SK",86
"NAZCO 20","BC",86
"BEAVER RIVER","NS",86
"SQUIAALA","BC",86
"PEMBROKE","NB",86
"SECOND FALLS","NB",86
"CARIBOU MARSH","NS",85
"MCKAY SECTION","NS",85
"ADAMSVILLE","NB",85
"FREETOWN","PE",85
"NEW ZION","NB",85
"HASTINGS","NS",85
"UPPER BRANCH","NS",85
"KINGSGATE","BC",85
"LANARK","NS",85
"BYNG INLET","ON",85
"HARDWOOD RIDGE","NB",85
"HIGHBURY","NS",85
"SOUTH PINETTE","PE",85
"GUYENNE","QC",85
"MCINTOSH HILL","NB",85
"BRENTS COVE","NL",85
"MILLERTOWN","NL",84
"RED BANK QUEENS CO","NB",84
"ST. LOUIS NO. 431","SK",84
"INDIAN ISLAND 28","NB",84
"TANGENT","AB",84
"TRUEMANVILLE","NS",84
"MOOSE POINT 79","ON",84
"ISAACS HARBOUR","NS",84
"HORNBY","ON",84
"LAWRENCE STATION","NB",84
"GREEN MEADOWS","PE",84
"FERINTOSH","AB",84
"CONSTANCE LAKE","ON",84
"LAC-MINISTUK","QC",84
"TEETERVILLE","ON",84
"GOODFARE","AB",84
"CANAAN FORKS","NB",84
"WABASEEMOONG","ON",84
"CAMBRAY","ON",84
"BENTON","NL",84
"ELMSVALE","NS",84
"MAGNETEWAN 1","ON",84
"BRETHOUR","ON",84
"ROBINSONVILLE","NB",84
"FOX HARBOUR","NL",84
"EBENEZER","PE",84
"PORTAGE VALE","NB",84
"SPLIT LAKE 171","MB",84
"ARKELL","ON",83
"ROCKTON","ON",83
"BALDUR","MB",83
"CAISSIE ROAD","NB",83
"MELVILLE","NS",83
"ENDIANG","AB",83
"SECOND PENINSULA","NS",83
"BIRCHTOWN","NS",83
"HALCOMB","NB",83
"NORTH GRAND PRE","NS",83
"ROSSENDALE","MB",83
"SOUTHSIDE HARBOUR","NS",83
"BROWNVALE","AB",83
"BEERSVILLE","NB",83
"BLACK RIVER LAKE","NS",82
"ARRAS","BC",82
"ANFIELD","NB",82
"KILBURN","NB",82
"PLEASANT LAKE","NS",82
"SPRUCE VIEW","AB",82
"L'ANSE-PLEUREUSE","QC",82
"AMHERST HEAD","NS",82
"COTEAU BEACH","SK",82
"HAGWILGET 1","BC",82
"INDIAN BAY","NL",82
"SWEETS CORNER","NS",82
"COACHMAN'S COVE","NL",82
"KIVIMAA-MOONLIGHT BAY","SK",82
"ARLINGTON","NS",82
"ST. GREGOR","SK",82
"SEYMOUR CREEK 2","BC",82
"DOUGLAS LAKE 3","BC",82
"DUFFIELD","AB",82
"MCKENZIE ISLAND","ON",82
"COLUMBIA LAKE 3","BC",82
"BURNSTICK LAKE","AB",82
"RIVIERE-MISTASSINI","QC",82
"FABREVILLE","QC",82
"MARKTOSIS 15","BC",82
"CORYATSAQUA (MORICETOWN) 2","BC",82
"OHIO","NS",82
"DEWITTVILLE","QC",81
"SURGE NARROWS","BC",81
"NEW MILLS","NB",81
"BELLE PLAINE","SK",81
"HAYDON","ON",81
"DEMMITT","AB",81
"GOODWOOD","NS",81
"HALIBURTON","NS",81
"NOEL ROAD","NS",81
"TYNDAL ROAD","NS",81
"ROUND HILL","NS",81
"ROSEDALE","NB",81
"SPILLIMACHEEN","BC",81
"WEBB","SK",81
"CLOVERVILLE","NS",81
"ACADIE SIDING","NB",81
"CLEARWATER","MB",81
"BATESTON","NS",81
"LOWER MILLSTREAM","NB",81
"LAKE GEORGE","NS",81
"MCTAGGART","SK",81
"NICTAUX FALLS","NS",81
"BENTON","NB",81
"FRENCH ROAD","NS",81
"GROSSE ISLE","MB",81
"LOWER KINGSCLEAR","NB",81
"ROCKLIN","NS",81
"ROBINSONS CORNER","NS",81
"FIELD","BC",80
"LEONARDVILLE","NB",80
"DROPMORE","MB",80
"MALAGASH POINT","NS",80
"WAPACHEWUNAK 192D","SK",80
"ETZIKOM","AB",80
"LAURENCETON","NL",80
"TAXIS RIVER","NB",80
"ROCKY BAY 1","ON",80
"COPPERSANDS","SK",80
"SCOTT","SK",80
"WOOD POINT","NB",80
"KELLROSS NO. 247","SK",80
"BENSON NO. 35","SK",80
"LORD'S COVE","NB",80
"MCLEOD LAKE 1","BC",80
"MIGISI SAHGAIGAN","ON",80
"MAVILLETTE","NS",80
"BETHEL","NB",80
"ASTLE","NB",80
"MOUNT WADDINGTON B","BC",80
"CHIEF'S POINT NO. 28","ON",80
"SOUTH GILLIES","ON",80
"MIDLAND KINGS CO","NB",80
"WAUGHS RIVER","NS",80
"HARTY","ON",80
"GOLD RIVER 21","NS",80
"ANGUSVILLE","MB",79
"OAK HAVEN","NB",79
"FREELAND","PE",79
"EAST BIDEFORD","PE",79
"TORS COVE","NL",79
"FOSTERVILLE","NB",79
"MONTEAGLE","NB",79
"OLDHAM","NS",79
"ST PETERS HARBOUR","PE",79
"BRIDGEVILLE","NS",79
"RICHMOUND","SK",79
"BLACK RIVER","NB",79
"CAMBRIDGE 32","NS",78
"CASA RIO","SK",78
"SAINT-NORBERT","NB",78
"SOUTH QU'APPELLE NO. 157","SK",78
"LOWER DERBY","NB",78
"WELLING","AB",78
"MINTON","SK",78
"LINDBERGH","AB",78
"HAIRY HILL","AB",78
"HARDWOOD HILL","NS",78
"RIVERSIDE ESTATES","SK",78
"POPLAR POINT","MB",78
"UPPER DERBY","NB",78
"MOUNT HEBRON","NB",78
"ST. BRIDE'S","NL",78
"ROCKY RAPIDS","AB",78
"CREIGNISH","NS",78
"LAC DES ARCS","AB",78
"EXSHAW","AB",78
"NEWTOWN","NB",78
"MATSQUI MAIN 2","BC",78
"SEAL COVE WB","NL",78
"BLIND CHANNEL","BC",78
"WHYNOTTS SETTLEMENT","NS",78
"QUARRYVILLE","NB",78
"KNOWLESVILLE","NB",78
"DERBY JUNCTION","NB",78
"TREMONT","NS",78
"ATMORE","AB",78
"HEAD OF MILLSTREAM","NB",78
"SQUINAS 2","BC",78
"LUDLOW","NB",78
"OAK PARK","NS",77
"DENWOOD","AB",77
"WEST QUACO","NB",77
"MT MIDDLETON","NB",77
"BAS-CAP-PELE","NB",77
"LOWER NORTHFIELD","NS",77
"WRENTHAM","AB",77
"ROSSWAY","NS",77
"PARK CORNER","PE",77
"UNIONVALE","PE",77
"FOREST GLADE","NS",77
"HALBRITE","SK",77
"BELLIS","AB",77
"OAK HILL","NB",77
"SAINT-MAURICE","NB",77
"HAYWOOD","MB",77
"SHAUGHNESSY","AB",77
"BARWICK","ON",77
"NEVILLE","SK",77
"GRASSLAND","AB",77
"MONKS HEAD","NS",77
"TAY CREEK","NB",77
"WOSS","BC",76
"LITTLE RIVER ALBERT CO","NB",76
"SAHHALTKUM 4","BC",76
"NICOLA LAKE 1","BC",76
"GORE","NS",76
"BEAR ISLAND","NB",76
"HUMBER VILLAGE","NL",76
"MOUNT HOPE NO. 279","SK",76
"MILTON NO. 292","SK",76
"RED POINT","PE",76
"KRONAU","SK",76
"BEATTY","SK",76
"BREADALBANE","NB",76
"BENALTO","AB",76
"POKESHAW","NB",76
"UNION CORNER","PE",76
"MARLBORO","AB",76
"USBORNE NO. 310","SK",76
"GLEN HARBOUR","SK",76
"STREAMSTOWN","AB",76
"GREENVALE","PE",76
"ERIEAU","ON",76
"MARTINS BROOK","NS",76
"WINDSOR","NB",76
"LOWER WOLFVILLE","NS",76
"MIRAMICHI BAY","NB",75
"KEESHKEEMAQUAH","MB",75
"MAPLE GLEN","NB",75
"FAUXBURG","NS",75
"BUFFALO HEAD PRAIRIE","AB",75
"CEDAR LAKE","NS",75
"MESACHIE LAKE","BC",75
"WARSPITE","AB",75
"SOUTH CHEGOGGIN","NS",75
"HAUT-SAINT-ANTOINE","NB",75
"FOUR FALLS","NB",75
"NORRIS ARM NORTHSIDE","NL",75
"SEARSVILLE","NB",75
"CAP-EGMONT","PE",75
"RAMA","SK",75
"NEWBROOK","AB",74
"ROUGH WATERS","NB",74
"ALDERWOOD","NB",74
"SOUTH PUGWASH","NS",74
"RATHWELL","MB",74
"KEG RIVER","AB",74
"MINTO-ODANAH","MB",74
"MUNSEE-DELAWARE NATION 1","ON",74
"RANCHLAND NO. 66","AB",74
"SHEGUIANDAH 24","ON",74
"KOOTENAY 1","BC",74
"CORKUMS ISLAND","NS",74
"CARTERS COVE","NL",74
"QUALICUM","BC",74
"GLENFINNAN","PE",74
"ITTATSOO 1","BC",74
"MIDDLE HAINESVILLE","NB",74
"FLEMING","SK",74
"RED HARBOUR","NL",74
"SOUTH RIVER ROAD","NS",74
"MEDFORD","NS",73
"FOX LAKE","AB",73
"WILMOT","NB",73
"CLUNY","AB",73
"CENTRAL BEDEQUE","PE",73
"CASEY CORNER","NS",73
"NEW ANNAN","PE",73
"CATALONE GUT","NS",73
"PINEWOOD","ON",73
"UPPER MILLS","NB",73
"FOX BROOK","NS",73
"AKLAVIK","NT",73
"FURDALE","SK",73
"GABARUS LAKE","NS",73
"MACDIARMID","ON",73
"MILL BROOK","NB",73
"HARBOUR CENTRE","NS",73
"LEMINSTER","NS",73
"GOOD SPIRIT ACRES","SK",72
"RIVERCOURSE","AB",72
"PLEASANTDALE","SK",72
"GRANVILLE BEACH","NS",72
"SUNDANCE BEACH","AB",72
"HEATHCOTE","ON",72
"VICTORIA CORNER","NB",72
"CLAM BAY","NS",72
"GARDNER CREEK","NB",72
"GAYS RIVER","NS",72
"WOODBURN","NS",72
"LIBAU","MB",72
"AYLESBURY","SK",72
"HOUPSITAS 6","BC",72
"GARLAND","NS",72
"WINDERMERE","ON",72
"WALDHOF","ON",72
"PABINEAU FIRST NATION","NB",72
"ITASKA BEACH","AB",72
"RICHMOND SETTLEMENT","NB",72
"HARBOUR GRACE SOUTH","NL",72
"ABERDEEN","NS",72
"GREGOIRE LAKE ESTATES","AB",72
"PANORAMA","BC",72
"BLUE MOUNTAIN","NS",72
"NEWDALE","MB",72
"CLYDE RIVER","NS",72
"WEST RIVER STATION","NS",72
"FRENCHMANS COVE BOI","NL",72
"KEGASKA","QC",72
"TRACADIE CROSS","PE",72
"JUNIPER MOUNTAIN","NS",71
"BROOKFIELD","PE",71
"FIELDING","NB",71
"ST. ANDREWS","PE",71
"CORNHILL","NB",71
"CENTRAL ARGYLE","NS",71
"FOXWARREN","MB",71
"NEW JERSEY","NB",71
"RANFURLY","AB",71
"TARZWELL","ON",71
"ST LEON","MB",71
"ST MARTINS NORTH","NB",71
"BOULARDERIE EAST","NS",71
"BRODERICK","SK",71
"BONNY RIVER","NB",71
"VALLEYFIELD","PE",71
"PARSON","BC",71
"ST. ANN","PE",71
"FORREST STATION","MB",70
"URBAINVILLE","PE",70
"SHINING TREE","ON",70
"CONSUL","SK",70
"LIPTON NO. 217","SK",70
"LITTLE NARROWS","NS",70
"BROWNSDALE","NL",70
"QUEENSTON","ON",70
"KARSDALE","NS",70
"TORBROOK MINES","NS",70
"FOX LAKE 2","MB",70
"NUTTBY","NS",70
"KEE-WAY-WIN","ON",70
"BEAR LAKE","BC",70
"FIVE MILE POINT 3","BC",70
"CANOBIE","NB",70
"GUHTHE TAH 12","BC",70
"BRULE","AB",69
"WEST CLIFFORD","NS",69
"DIAMOND CITY","AB",69
"STONEY ISLAND","NS",69
"DARLINGS LAKE","NS",69
"SAINT-GUY","QC",69
"COLDSTREAM","NS",69
"HAMILTON","PE",69
"POOLS COVE","NL",69
"SAVAGE HARBOUR","PE",69
"DARLINGTON","PE",69
"POINT ACONI","NS",69
"WEYMOUTH MILLS","NS",69
"MONTE CREEK","BC",69
"CATHCART","ON",69
"LOWER ROSE BAY","NS",69
"PICKEREL","ON",69
"PORTAGE LA PRAIRIE RM","MB",69
"KEMPTVILLE","NS",69
"TULITA","NT",69
"MOOSEHORN","MB",69
"SPRINGFIELD YORK CO","NB",69
"EMERALD NO. 277","SK",68
"RENEWS-CAPPAHAYDEN","NL",68
"TELEGRAPH CREEK","BC",68
"WIMBORNE","AB",68
"MAPLE BUSH NO. 224","SK",68
"ANACLA 12","BC",68
"LOWER SANDY POINT","NS",68
"LITTLE LEPREAU","NB",68
"EGLINGTON","PE",68
"VILLAGE-DES-POIRIER","NB",68
"TOBIQUE NARROWS","NB",68
"CLEVELAND","NS",68
"MILLTOWN CROSS","PE",68
"VIMY","AB",68
"TOWNSHIP OF WILMOT","ON",68
"ROBINSONS","NL",68
"KEMPT HEAD","NS",68
"ROGERSVILLE-EST","NB",68
"LOWER QUEENSBURY","NB",68
"INGOMAR","NS",68
"HAYS","AB",68
"KESWICK","NB",68
"LOWER KINTORE","NB",68
"MELDRUM BAY","ON",68
"CARTIER","ON",68
"SHESHEGWANING","ON",68
"WEST MOBERLY LAKE 168A","BC",68
"SKYVIEW ESTATES","SK",68
"CENTRAL HAINESVILLE","NB",68
"LAKE VERDE","PE",68
"ST PAULS","NL",68
"WATERHEN","MB",68
"BROCKWAY","NB",67
"CROMBIE SETTLEMENT","NB",67
"ARDEN","MB",67
"CAMDEN EAST","ON",67
"GLOVERTOWN SOUTH","NL",67
"NAKINA","ON",67
"BLACK RIVER","NS",67
"CAPE ST. MARYS","NS",67
"GANDER BAY SOUTH","NL",67
"IRON SPRINGS","AB",67
"JOUSSARD","AB",67
"L'ILE-D'ENTREE","QC",67
"SCOTCHTOWN","NB",67
"ELGIN","MB",67
"SOUTH SCOTS BAY","NS",67
"FIRST PENINSULA","NS",67
"DUTCH VALLEY","NB",67
"WARE","ON",67
"HARTSVILLE","PE",67
"ALBERT MINES","NB",67
"BARRINGTON WEST","NS",67
"HYLO","AB",66
"UPPER HAINESVILLE","NB",66
"ROSEBUD","AB",66
"NORTHWEST","NS",66
"HALFMOON BAY","AB",66
"KINGFISHER LAKE 1","ON",66
"ALBION","PE",66
"CLAIRVILLE","NB",66
"MISPEC","NB",66
"BINDLOSS","AB",66
"RICHMOND","NS",66
"SEAL COVE FB","NL",66
"MINTO","MB",66
"LOWER KNOXFORD","NB",66
"MACNUTT","SK",66
"DIVISION NO.  7, SUBD. G","NL",66
"TORBROOK","NS",65
"CLERMONT","PE",65
"HOLTYRE","ON",65
"RUSH LAKE","SK",65
"NORTHFIELD","NS",65
"TRACADIE BEACH","NB",65
"CLARKS CORNER","NB",65
"RICHARDSON","NB",65
"ASHLAND","NB",65
"SMITHFIELD","NB",65
"KINNEAR SETTLEMENT","NB",65
"OHATON","AB",65
"MEADOW BROOK","NB",65
"TARANTUM","PE",65
"ROCKLAND","NB",65
"BACK CENTRE","NS",65
"LOWER DEBERT","NS",65
"ST. GEORGES CHANNEL","NS",65
"SELMA","NS",65
"HILL SPRING","AB",65
"GRAHAMS ROAD","PE",65
"FRENCH COVE","NS",65
"FANNYSTELLE","MB",65
"BOIS-GAGNON","NB",65
"MOUNT ALBION","PE",65
"NORBORO","PE",65
"NEPISIGUIT FALLS","NB",65
"GREEN MOUNTAIN","NB",64
"NEERLANDIA","AB",64
"OYSTER BAY 12","BC",64
"LONG HARBOUR-MOUNT ARLINGTON HEIGHTS","NL",64
"OGILVIE","NS",64
"GORMLEY","ON",64
"ST-RAPHAEL","PE",64
"ST MARGARET VILLAGE","NS",64
"EXMOOR","NB",64
"BRANT","AB",64
"FAWCETT","AB",64
"BETULA BEACH","AB",64
"MILLERTON","NB",64
"MAIN RIVER","NB",64
"SWALWELL","AB",64
"CAINS RIVER","NB",64
"FOLLY LAKE","NS",64
"UPPER SACKVILLE","NB",64
"QUEENS BAY","BC",64
"SPRINGBROOK","PE",64
"MOUNT PLEASANT","PE",64
"SHERRIDON","MB",64
"LOWER NORTON","NB",64
"WHISKA CREEK NO. 106","SK",64
"SOUTH TREMONT","NS",63
"MORRELL SIDING","NB",63
"ST-ANTOINE NORD","NB",63
"CLIFTON","NB",63
"CABLE HEAD EAST","PE",63
"LA RIVIERE","MB",63
"LANSDOWNE","NB",63
"OAK POINT KINGS CO","NB",63
"FORT ALBANY","ON",63
"GLENSIDE","SK",63
"MUSKODAY","SK",63
"ROSS","MB",63
"MANYBERRIES","AB",63
"PINE TREE","NS",63
"NORDEGG","AB",63
"WATERTON PARK","AB",63
"POINTE DIXON POINT","NB",63
"ROSTOCK","ON",63
"STE. RITA","MB",63
"LOCHABER","NS",63
"OAK POINT","MB",63
"PORTAGE ST-LOUIS","NB",63
"HAMILTON ROAD","NS",63
"NEWTON MILLS","NS",63
"SHACKAN 11","BC",62
"KULSPAI 6","BC",62
"DOBIE","ON",62
"BLUMENFELD","MB",62
"FOYMOUNT","ON",62
"JARVIE","AB",62
"WATERHEN 45","MB",62
"RED BANK","NB",62
"BARTIBOG BRIDGE","NB",62
"MAFEKING","MB",62
"CHUM CREEK 2","BC",62
"SPUZZUM 1","BC",62
"FAUST","AB",62
"KEARNS","ON",62
"WILLIAMSTOWN CARLETON CO","NB",62
"MECHANIC SETTLEMENT","NB",62
"SHERWOOD","NS",62
"MERVIN","SK",62
"CENTRAL BLISSVILLE","NB",62
"STULLAWHEETS 8","BC",62
"LOWER SHIP HARBOUR","NS",62
"CARROLLS CROSSING","NB",62
"PUBNICO","NS",62
"GUNNING COVE","NS",62
"LAKEVIEW","AB",62
"ELLERSLIE","PE",62
"HAZEL GLEN","NS",62
"CLINWORTH NO. 230","SK",62
"WEST LEICESTER","NS",62
"ST MARYS ROAD","PE",62
"BLACK POINT","NB",62
"SCHULER","AB",62
"BARRYVILLE","NB",62
"PINTO CREEK NO. 75","SK",62
"MOUNT MELLICK","PE",62
"SOUTHFIELD","NB",61
"HILLIARDTON","ON",61
"KEDDYS CORNER","NS",61
"OXBOW","NB",61
"HOWLAN","PE",61
"SERPENT RIVER","ON",61
"APPLE RIVER","NS",61
"BEARDSLEY","NB",61
"STOREYTOWN","NB",61
"ENTERPRISE","NT",61
"SOUTHBANK","BC",61
"KILLALY","SK",61
"HAMMONDVALE","NB",61
"LANESVILLE","NS",61
"FAIRHAVEN","NB",61
"BLOOMFIELD CARLETON CO","NB",60
"WILLIAMSTOWN","NB",60
"MACPHEES CORNER","NS",60
"HEINSBURG","AB",60
"PORT ROYAL","NS",60
"PRELATE","SK",60
"WEST BRANCH","NS",60
"LAPLAND","NS",60
"BLIND BAY","NS",60
"MONTREAL LAKE 106","SK",60
"MARTEN RIVER","ON",60
"LOUSANA","AB",60
"ST. BENEDICT","SK",60
"HAWARDEN","SK",60
"CUMBERLAND","PE",60
"GALLAGHER RIDGE","NB",60
"ADMIRAL ROCK","NS",60
"MATTHEWS SETTLEMENT","NB",60
"BIG GRASSY RIVER 35G","ON",60
"KING'S COVE","NL",60
"CANAVOY","PE",60
"KIMOSOM PWATINAHK 203","SK",60
"WEST CAPE","PE",60
"ROBICHAUD SETTLEMENT","NB",60
"LAC LA HACHE 220","SK",60
"GLENWOOD","NB",60
"SUTHERLANDS RIVER","NS",60
"ANTRIM","NS",60
"BIG POND CENTRE","NS",60
"TUPPER LAKE","NS",60
"ARGYLE SOUND","NS",60
"HUNTINGTON","NS",60
"POPLAR GROVE","NS",60
"BURLINGTON","PE",60
"SWAN CREEK","NB",60
"ZHODA","MB",59
"DRINKWATER","SK",59
"NEWTOWN","NS",59
"EAST TREMONT","NS",59
"VILLAGEDALE","NS",59
"QUEENSTOWN","NB",59
"RIVERHEAD","NS",59
"EAST CENTREVILLE","NB",59
"MOOSELAND","NS",59
"DUNDEE","NS",59
"CRESTON NORTH","NL",59
"SHENSTONE","NB",59
"HIGH BLUFF","MB",59
"FRAMBOISE","NS",59
"WOKING","AB",59
"RIVERBANK CARLETON CO","NB",59
"SAINT-LAURENT NORD","NB",59
"MOSHER CORNER","NS",59
"WYMARK","SK",59
"STRONGFIELD","SK",59
"MIDDLETON","NB",59
"FOX RIVER","NS",59
"KILMUIR","PE",59
"ROYALTON","NB",59
"SPRINGFIELD","PE",59
"ANTIGONISH LANDING","NS",58
"HALFWAY RIVER 168","BC",58
"TRACEY MILLS","NB",58
"SILVER VALLEY","AB",58
"LOWER ECONOMY","NS",58
"QUILCHENA","BC",58
"MAINSTREAM","NB",58
"GRIFFIN NO. 66","SK",58
"DIVISION NO.  4, SUBD. C","NL",58
"PUGWASH JUNCTION","NS",58
"FORT FOLLY 1","NB",58
"HUNTERS HOME","NB",58
"FRENCHMAN'S COVE","NL",58
"MCGIVNEY","NB",58
"POINT MAY","NL",58
"KIKINO","AB",58
"MANCHESTER","NS",58
"QUEENSPORT","NS",58
"CAPE FORCHU","NS",58
"WEST NEW ANNAN","NS",58
"WAHPATON 94A","SK",58
"RIVIERE-TROIS-PISTOLES","QC",58
"WILE SETTLEMENT","NS",58
"DIVISION NO.  7, SUBD. D","NL",58
"BRULE POINT","NS",57
"JARDINEVILLE","NB",57
"BYEMOOR","AB",57
"VILLAGE-SAINT-LAURENT","NB",57
"LOWER PROSPECT","NS",57
"OLD SHOP","NL",57
"EAST RIVER","NS",57
"FRENCH RIVER","NS",57
"BERWICK NORTH","NS",57
"GLOUCESTER JUNCTION","NB",57
"BETHEL","PE",57
"MARGO","SK",57
"SUNNY BRAE","NS",57
"CAMBRIDGE","PE",57
"BURNSVILLE","NB",57
"UPPER POMQUET","NS",57
"NORTH LOCHABER","NS",57
"ANDERSON ROAD","NB",57
"HARRIETSVILLE","ON",57
"WHIM ROAD","PE",57
"GALLOWAY","BC",57
"BAIE-EGMONT","PE",57
"MCQUADE","NB",57
"BELYEAS COVE","NB",57
"LEASKDALE","ON",57
"FRENCHFORT","PE",57
"CAPE JOHN","NS",57
"MOSSLEIGH","AB",57
"DERBY","NB",57
"TURNOR LAKE","SK",57
"MIDDLEBORO","NS",57
"WEST CRESTON","BC",57
"DARFIELD","BC",56
"CALHOUN","NB",56
"HILLGROVE","NS",56
"ROSEDALE VALLEY","AB",56
"RAINY LAKE 17A","ON",56
"RAINY LAKE 18C","ON",56
"MAPLE RIDGE","NB",56
"PINE CREEK 66A","MB",56
"MARYSVALE","NL",56
"ODELL","NB",56
"MOOSOMIN NO. 121","SK",56
"RIDEAU FERRY","ON",56
"PRINCEPORT","NS",56
"BABINE 17","BC",56
"CHOPAKA 7 & 8","BC",56
"RATTER CORNER","NB",56
"MATTAGAMI 71","ON",56
"MILLSVILLE","NS",56
"SPRINGFIELD WEST","PE",56
"CHURCHOVER","NS",56
"BJORKDALE NO. 426","SK",56
"SIDNEY","MB",56
"GLENWOOD","PE",56
"DALLES","ON",56
"LONGFORD MILLS","ON",56
"PILGER","SK",56
"DIVISION NO.  8, SUBD. E","NL",56
"TURTLE VIEW","SK",56
"BURLINGTON","NS",56
"BISHOP'S COVE","NL",56
"LAST MOUNTAIN LAKE 80A","SK",56
"ENTERPRISE","NB",55
"DANESVILLE","NS",55
"CHIPMAN BROOK","NS",55
"EAST PENNANT","NS",55
"PORT SAXON","NS",55
"JEFFRIES CORNER","NB",55
"EAGLE LAKE","ON",55
"WHITESIDE","NS",55
"LAKE EGMONT","NS",55
"LITTLE BROOK STATION","NS",55
"DOYLES","NL",55
"DOYLES BROOK","NB",55
"CRAIGMYLE","AB",55
"GRASMERE","BC",55
"MARIE JOSEPH","NS",55
"PANMURE ISLAND","PE",55
"HARVEY ALBERT CO","NB",55
"BROOKDALE","MB",55
"SCHOENWIESE","MB",55
"TARGETTVILLE","NB",55
"SHEBANDOWAN","ON",55
"LAMBERTVILLE","NB",55
"MELROSE","NL",55
"DAWSONVILLE","NB",54
"NITON JUNCTION","AB",54
"MONTICELLO","PE",54
"PITCHERS FARM","NS",54
"SCOTCH LAKE","NS",54
"VISCOUNT NO. 341","SK",54
"WEST GUILFORD","ON",54
"PORT GREVILLE","NS",54
"CENTRAL WEST RIVER","NS",54
"PLEASANT VALLEY","PE",54
"FAWCETT HILL","NB",54
"MOHANNES","NB",54
"RAT PORTAGE 38A","ON",54
"UPPER ECONOMY","NS",54
"SAINT-AMATEUR","NB",54
"MAPLEDALE","NB",54
"URBANIA","NS",54
"DIVISION NO.  5, SUBD. G","NL",54
"BUFFALO CREEK","BC",54
"WHITELAW","AB",54
"TSUSSIE 6","BC",54
"UNION CENTRE","NS",54
"LUMSDEN DAM","NS",54
"LACONIA","NS",54
"POPLAR GROVE","PE",54
"STONE 1","BC",54
"CEDAR VALLEY","ON",54
"KENDAL","SK",54
"EARLTOWN","NS",53
"TAKLA LANDING","BC",53
"SAINT-MARTIN-DE-RESTIGOUCHE","NB",53
"ROSEAU RIVER","MB",53
"MARBLE MOUNTAIN","NS",53
"SOURIS LINE ROAD","PE",53
"SALEM","NB",53
"MARIAPOLIS","MB",53
"ALLISTON","PE",53
"SCOTCH RIDGE","NB",53
"BIRDTON","NB",53
"ST BRIDES","AB",53
"MARKINCH","SK",53
"SPEDDEN","AB",53
"DUART","ON",53
"CEDARVALE","BC",53
"SPENCERS ISLAND","NS",53
"NEW SCOTLAND","NB",53
"RUSSELLVILLE","NB",53
"HEAD OF MONTAGUE","PE",53
"SOUTH LOCHABER","NS",53
"COLDSTREAM","NB",53
"NORTH KEMPTVILLE","NS",53
"UPPER CANARD","NS",53
"FIVE HOUSES","NS",53
"MIDDLE PORTERS LAKE","NS",53
"ST CROIX","NB",53
"SPA SPRINGS","NS",53
"HORWOOD","NL",53
"LANGRUTH","MB",53
"BIG BEACH","NS",53
"RED RAPIDS","NB",53
"LAKE ST PETER","ON",53
"HARROGATE","BC",53
"CLOVA","QC",52
"QATHET E","BC",52
"WALLACE STATION","NS",52
"BINCHE 2","BC",52
"DIVISION NO.  1, SUBD. N","NL",52
"DIVISION NO.  8, SUBD. I","NL",52
"CLAM HARBOUR","NS",52
"BATTLE RIVER NO. 438","SK",52
"HAREWOOD","NB",52
"NORTH SPIRIT LAKE","ON",52
"SEINE RIVER 23A","ON",52
"MISTUSINNE","SK",52
"RENAUDS MILLS","NB",52
"PETIT ETANG","NS",52
"DEEP CREEK 2","BC",52
"MCAULEY","MB",52
"ROWENA","NB",52
"TIMBER RIVER","NB",52
"BIG RIDGE","NS",52
"KELLEYS COVE","NS",52
"TLAA GAA AAWTLAAS 28","BC",52
"MORRISVILLE","NL",52
"FORT NELSON 2","BC",52
"MOUNT PLEASANT","NB",52
"DOUGLAS LAKE","BC",52
"SEYMOUR ARM","BC",52
"WENTWORTH CREEK","NS",52
"MALAGASH","NS",52
"WEAVER","NB",52
"BEAVERDAM LAKE","NS",52
"TORCH RIVER NO. 488","SK",52
"MANGANESE MINES","NS",52
"HARBOUR MAIN","NL",52
"BEAUMONT","NL",52
"WALTERS FALLS","ON",52
"HILLTOWN","NS",52
"ST ANTHONY EAST","NL",52
"LIMESTONE","NB",52
"EAST BACCARO","NS",52
"MEETING CREEK","AB",51
"MAIN BROOK","NL",51
"PETERS ROAD","PE",51
"COLLINA","NB",51
"ROSE VALLEY","PE",51
"MIDDLE OHIO","NS",51
"ST. PATRICKS","PE",51
"SAINT-JOGUES","QC",51
"ST VINCENT","AB",51
"WAPSKE","NB",51
"BUICK","BC",51
"UPPER LETANG","NB",51
"RIVERSIDE","NS",51
"BELLBURNS","NL",51
"KOMARNO","MB",51
"HOWARD BROOK","NB",51
"NORTH HARBOUR PB","NL",51
"WALLACE BAY","NS",51
"ROSENFELD","MB",51
"ROUND ISLAND","NS",51
"EASTVILLE","NS",51
"GREENHILL LAKE","NB",51
"BIG COVE QUEENS CO","NB",51
"BILLTOWN","NS",51
"MCGRATHS COVE","NS",51
"CAITHNESS","NB",51
"BOYNE LAKE","AB",51
"CHEADLE","AB",51
"BUCK CREEK","AB",51
"ROCKPORT","ON",51
"L'ALVERNE","QC",51
"PABINEAU FALLS","NB",51
"DESMARAISVILLE","QC",51
"ADVOCATE HARBOUR","NS",51
"TA TA CREEK","BC",51
"DUNCANS COVE","NS",51
"WETASKIWIN COUNTY","AB",51
"NEWCASTLE CENTRE","NB",51
"LITTLE BAY NDB","NL",51
"HALIBUT BAY","NS",51
"FAIRLIGHT","SK",50
"GROUARD","AB",50
"GRANDVIEW BEACH","SK",50
"CORBERRIE","NS",50
"ST. JOSEPH","NS",50
"CROSSMOUNT","SK",50
"PRINCESS PARK","NB",50
"BELLEISLE","NS",50
"BEAVER RIVER NO. 622","SK",50
"DEL BONITA","AB",50
"WILLOW CREEK NO. 458","SK",50
"SWITSEMALPH 3","BC",50
"FOREST GLEN","NB",50
"HILLIARD","AB",50
"HAWKINS CORNER","NB",50
"SAINT-FAUSTIN-LAC-CARRE","QC",50
"NORTH THOMPSON 1","BC",50
"FENWOOD","SK",50
"WHITES BROOK","NB",50
"JERSEYSIDE","NL",50
"STYMIEST","NB",50
"UPPER LEITCHES CREEK","NS",50
"ELMWORTH","AB",50
"EAST NOEL","NS",50
"CLOVERDALE","NB",50
"TOBACCO PLAINS 2","BC",50
"PRINCE OF WALES","NB",50
"SASMAN NO. 336","SK",50
"MIRROR","AB",50
"DIVISION NO.  9, SUBD. D","NL",50
"BEARDMORE","ON",49
"NORTHS CORNER","NS",49
"FORT MCMURRAY 468 FIRST NATION","AB",49
"MAXIMEVILLE","PE",49
"ROUTHIERVILLE","QC",49
"SPUZZUM","BC",49
"CAPE SPEAR","NB",49
"SHENACADIE","NS",49
"SUNNYSIDE BEACH","NB",49
"THE FALLS","NS",49
"ENON","NS",49
"UPSALA","ON",49
"FRENCH VILLAGE KINGS CO","NB",49
"CHELMSFORD","NB",49
"ENDEAVOUR","SK",49
"DELAPS COVE","NS",49
"BICKERTON WEST","NS",49
"FOREST HILL","PE",49
"STEWART VALLEY","SK",49
"PISQUID EAST","PE",49
"PATUANAK","SK",49
"PISQUID WEST","PE",49
"PROGRESS","BC",49
"PINEVILLE","NB",49
"ROSSVILLE","NB",49
"PLEASANT POINT","NS",49
"HALF ISLAND COVE","NS",48
"BROWNLEE","SK",48
"DUNDAS","NB",48
"BLAKETOWN","NL",48
"DISLEY","SK",48
"ST. MARGARETS","PE",48
"MORELL EAST","PE",48
"LITTLE HARBOUR","PE",48
"LEWIS MOUNTAIN","NB",48
"LAC-MATAWIN","QC",48
"LORD'S COVE","NL",48
"PETITCODIAC EAST","NB",48
"CROSS ROADS OHIO","NS",48
"HAY","ON",48
"MILBURN","PE",48
"SALMON RIVER ROAD","NB",48
"LA COREY","AB",48
"TATLA LAKE","BC",48
"HEATHERDALE","PE",48
"SUNDRIDGE","NS",48
"BOUCTOUCHE RESERVE","NB",48
"MOUNT HOPE","NB",48
"SANDY BAY","SK",48
"EGMONT","BC",48
"KOOCANUSA - WEST","BC",48
"POODIAC","NB",48
"SCOTCH CREEK 4","BC",48
"JEAN COTE","AB",48
"BONAPARTE 3","BC",48
"PEREAU","NS",48
"L'ARDOISE","NS",47
"CROSS ROADS","NS",47
"NEWTONVILLE","NS",47
"OSTERWICK","MB",47
"PEARSONVILLE","NB",47
"SOUTH WATERVILLE","NS",47
"BRUCE","AB",47
"EAST BRIGHTON","NB",47
"WOODLAWN","NS",47
"CARON","SK",47
"TORBROOK WEST","NS",47
"CRANFORD","AB",47
"JOHNSTON POINT","NB",47
"SAINTE-THERESE SUD","NB",47
"HOWARD","NB",47
"ORANGE HILL","NB",47
"SHELDRAKE","QC",47
"EEL RIVER LAKE","NB",47
"MCLEOD LAKE","BC",47
"ROLLA","BC",47
"HOLMFIELD","MB",47
"WYSES CORNER","NS",47
"RUMSEY","AB",47
"FOLEYET","ON",47
"WEST TATAMAGOUCHE","NS",47
"ST DAVID RIDGE","NB",47
"WEYMOUTH FALLS","NS",47
"KEMPT ROAD","NS",47
"HOPE RIVER","PE",47
"PEEL","NB",47
"WELLINGTON CENTRE","PE",47
"LONG POINT","NB",47
"EAST LEICESTER","NS",47
"PEGGYS COVE","NS",47
"LONE PINE","AB",47
"WESTWOOD","ON",47
"YELLOW CREEK","SK",47
"ANGEVINE LAKE","NS",47
"TURIN","AB",47
"HAZEL GROVE","PE",47
"SAMPSONS COVE","NS",46
"FOUR CORNERS","NB",46
"NORTH QU'APPELLE NO. 187","SK",46
"RIVERHEAD HARBOUR GRACE","NL",46
"SHEPODY ALBERT CO","NB",46
"UPPERTON","NB",46
"CENTRAL NEW ANNAN","NS",46
"PRIDDIS","AB",46
"GARDEN VILLAGE","ON",46
"RAINIER","AB",46
"ROUND HILL NO. 467","SK",46
"BONNYVILLE BEACH","AB",46
"BLADWORTH","SK",46
"DARLINGFORD","MB",46
"ELLIOTVALE","PE",46
"CULLODEN","NS",46
"BRYENTON","NB",46
"DESMARAIS","AB",46
"KEJICK","ON",46
"STAUFFER","AB",46
"GLEN ROAD","NS",46
"MD OF GREENVIEW","AB",46
"ELMWOOD","NB",46
"LAC-MATAPEDIA","QC",46
"BOULTER","ON",46
"WALLACE BRIDGE","NS",46
"SOUTH OROMOCTO LAKE","NB",46
"BIGNEY","NS",46
"BIRD'S POINT","SK",46
"ROSSPORT","ON",46
"PROSSER BROOK","NB",46
"NAPPAN","NS",46
"MOOSE MOUNTAIN","NB",46
"EABAMET LAKE","ON",46
"EAST PORT MEDWAY","NS",46
"PRAIRIE GROVE","MB",45
"BARROWS","MB",45
"GLADWYN","NB",45
"CRAIG FLATS","NB",45
"CAPSTICK","NS",45
"WALDECK","NS",45
"SNOW ROAD STATION","ON",45
"GREENS HARBOUR","NL",45
"CORMAC","ON",45
"WANIPIGOW","MB",45
"LONG CREEK","NB",45
"NEW HORTON","NB",45
"WALDEGRAVE","NS",45
"MOSHERVILLE","NS",45
"HAY SETTLEMENT","NB",45
"NEW ENGLAND SETTLEMENT","NB",45
"CENTRAL WATERVILLE","NB",45
"FORDS MILLS","NB",45
"PARKINDALE","NB",45
"LOWER LAHAVE","NS",45
"MANCHE-D'EPEE","QC",45
"LAKEVILLE","PE",45
"SUNNYBROOK","NS",45
"ST. TERESA","PE",45
"GEORGEVILLE","NS",45
"ERICKSON","BC",45
"DUGAS","NB",45
"HASSETT","NS",45
"LONDONDERRY STATION","NS",45
"POMEROY RIDGE","NB",45
"SPEERS","SK",45
"IRISHVALE","NS",45
"PERRYVALE","AB",45
"CURRYVILLE","NB",44
"ST ANDREWS CHANNEL","NS",44
"SYPHER COVE","NB",44
"INTERVALE","NB",44
"BRIGUS JUNCTION","NL",44
"DOG HEAD 218","AB",44
"GRAND NARROWS","NS",44
"POLE HILL","NB",44
"SUSSEX EAST","NB",44
"LAKE LA ROSE","NS",44
"NOEL SHORE","NS",44
"SUMMERVILLE","PE",44
"BARNEYS RIVER STATION","NS",44
"ROSEWAY","NS",44
"LEASK NO. 464","SK",44
"TAYLORS ROAD","NS",44
"BEECHMONT","NS",44
"MCKINLEYVILLE","NB",44
"IRONDALE","ON",44
"KEENANS","NB",44
"VASSAR","MB",44
"HAMPSTEAD","NB",44
"GLEN EWEN","SK",44
"ST VINCENTS","NL",44
"FORK RIVER","MB",44
"SOUTH LAKE","PE",44
"UPPER BRIGHTON","NB",44
"BLOOMINGTON","NS",44
"WALSH","AB",44
"NORTH BAY 5","BC",44
"SEA SIDE","NB",44
"WAYERTON","NB",44
"CHAPUT HUGHES","ON",44
"SPENCES BRIDGE","BC",44
"MASCARENE","NB",44
"CAPE RAY","NL",44
"BABINE 6","BC",44
"CAP-AU-RENARD","QC",44
"SPERLING","MB",44
"GRANTON","NS",44
"LINTON CORNER","NB",44
"ALLAIN CREEK","NS",44
"BENJAMIN RIVER","NB",44
"SOUTH FREETOWN","PE",44
"POINT ALISON","AB",44
"CLARKSVILLE","NS",43
"REIDS HILL","NS",43
"AHOUSAT","BC",43
"UPSALQUITCH","NB",43
"FOSSTON","SK",43
"GARDNERS MILLS","NS",43
"FREE GRANT","NB",43
"HANCEVILLE","BC",43
"PENNANT STATION","SK",43
"LINDSAY","NB",43
"WUHRS BEACH","NB",43
"SANDFIELD","NS",43
"FRENCH VILLAGE","NS",43
"SAND POINT","NS",43
"SPRINGFORD","ON",43
"KIERSTEAD MOUNTAIN","NB",43
"SWIFT CURRENT","NL",43
"GLENWOOD","NS",43
"UPPER KINTORE","NB",43
"GIFT LAKE","AB",43
"PAYS PLAT","ON",43
"KILLAMS MILLS","NB",43
"ROBB","AB",43
"HALFWAY COVE","NS",43
"NICTAUX SOUTH","NS",43
"SOUTH BRANCH KENT CO","NB",43
"DOCTORS BROOK","NS",43
"FREDERICKTON","NL",42
"GYPSUM MINES","NS",42
"LIMEKILN","NB",42
"GRAVEL HILL","NB",42
"COUNTY OF BRANT","ON",42
"POPLAR BAY","AB",42
"THREE TREE CREEK","NB",42
"PARKER RIDGE","NB",42
"CASSIDY LAKE","NB",42
"CAVENDISH","NL",42
"HARTFIELD","NB",42
"CLAYTON NO. 333","SK",42
"ST. PETER NO. 369","SK",42
"LONE ROCK","SK",42
"DUNREA","MB",42
"AROLAND","ON",42
"WESTPORT","NS",42
"SPLIT LAKE","MB",42
"WHITEDOG","ON",42
"OLIVER","NS",42
"TOUTES AIDES","MB",42
"WHITES CORNER","NS",42
"FOX HARBOUR PB","NL",42
"GLENWOOD KINGS CO","NB",42
"KOPCHITCHIN 2","BC",42
"MEADOWVILLE","NS",42
"GREENVILLE","NS",42
"POINTE-SAUVAGE","NB",42
"DENMARK","NS",42
"PARLEE BROOK","NB",42
"OPASKWAYAK CREE NATION 21A","MB",42
"MONTE LAKE","BC",42
"HILLANDALE","NB",42
"TRINITY TB","NL",42
"WHISPERING PINES 4","BC",42
"BALTIC","PE",42
"TSA XANA 18","BC",42
"WEE TOO BEACH","SK",42
"MAPLEHURST","NB",41
"WATERSIDE","PE",41
"LINDALE","AB",41
"ST JOSEPH","NS",41
"CLIFTON","NS",41
"RICEVILLE","NB",41
"GLENCOE","NS",41
"ST GREGOR","SK",41
"NORTH EAST POINT","NS",41
"STONECLIFFE","ON",41
"LOCKSTEAD","NB",41
"RED POINT","NS",41
"INDIAN BAY BB","NL",41
"SOLDIERS COVE","NS",41
"BURNTLAND BROOK","NB",41
"BERWICK WEST","NS",41
"CANAAN STATION","NB",41
"LOWER HAINESVILLE","NB",41
"NEUENBERG","MB",41
"COACHMANS COVE","NL",41
"TANNERS SETTLEMENT","NS",41
"LAMBERT'S COVE","NB",41
"PORQUIS JUNCTION","ON",41
"HAZENMORE","SK",41
"LESTOCK","SK",41
"ARMENA","AB",41
"WINCHESTER SPRINGS","ON",41
"NEW CANADA","NS",41
"BEAVER CREEK","SK",41
"BEAUVALLON","AB",41
"WEST BACCARO","NS",41
"DEERVILLE","NB",41
"GOODEVE","SK",41
"HILLSDALE","NB",41
"YALE","BC",40
"JOLICURE","NB",40
"LIVINGSTONE COVE","NS",40
"BARTER SETTLEMENT","NB",40
"STANCHEL","PE",40
"THE POINTS WEST BAY","NS",40
"EAST RIVER ST. MARYS","NS",40
"PRICEVILLE","NB",40
"MILLVALE","PE",40
"FOREST HOME","NS",40
"PURLBROOK","NS",40
"MINNITAKI","ON",40
"ROCKY POINT 3","PE",40
"RED ISLANDS","NS",40
"FOURCHU","NS",40
"KENZIEVILLE","NS",40
"ROSEHILL","NB",40
"STONEHURST SOUTH","NS",40
"SPRINGSTEIN","MB",40
"SKEETCHESTN","BC",40
"RENNIES ROAD","PE",40
"MCLAUGHLIN","NB",40
"ALTARIO","AB",40
"WESLEYVILLE","NL",40
"SOUTHEND 200","SK",40
"NEW CAMPBELLTON","NS",40
"MONTEITH","ON",40
"BROOKVALE","NS",40
"STEEP ROCK","MB",40
"TANCOOK ISLAND","NS",40
"BRISTOL","PE",40
"SACHIGO LAKE","ON",40
"LOWER CAPE","NB",40
"CLEARVIEW","NB",40
"BEECH HILL","NS",40
"NORTH WEST ARM","NS",40
"TELEGRAPH COVE","BC",40
"BROAD VALLEY","MB",40
"TIZZARDS HARBOUR","NL",40
"GUY","AB",40
"MADSEN","ON",40
"PEAKES","PE",40
"NORTH SALEM","NS",40
"CAMDEN","NS",40
"HONEYDALE","NB",40
"UPPER LOCH LOMOND","NB",40
"UPPER OHIO","NS",39
"HODGES COVE","NL",39
"LITTLE LORRAINE","NS",39
"CONNELL","NB",39
"TEEDS MILLS","NB",39
"BEAR RIVER S","PE",39
"MENNEVAL","NB",39
"BAS-PAQUETVILLE","NB",39
"RIDING MOUNTAIN","MB",39
"URANIUM CITY","SK",39
"UPPER KNOXFORD","NB",39
"FRENCH RIVER","PE",39
"FREDERICTON","PE",39
"CONCHE","NL",39
"MONTROSE","NS",39
"MANN'S MOUNTAIN","NB",39
"SPRINGDALE","NB",39
"LOWER ST MARYS","NB",39
"RENNIE","MB",39
"WATERFORD","NS",39
"PEMBROKE","PE",39
"LOWER SELMA","NS",39
"SKOOKUMCHUCK","BC",39
"STONEHAVEN","NB",39
"DUNBLANE","PE",39
"NORTH EAST HARBOUR","NS",39
"WATERSIDE","NB",39
"NORTH RIVERSIDE","NS",39
"MCKENZIE CORNER","NB",39
"CANADA CREEK","NS",39
"ELPHINSTONE","MB",39
"PRIEST POND","PE",39
"ALHAMBRA","AB",39
"HAWKESVILLE","ON",39
"CRANE RIVER","MB",39
"WARDS BROOK","NS",39
"LYNNFIELD","NB",39
"ANTIGONISH HARBOUR","NS",38
"WESTBOURNE","MB",38
"PEBBLE BAYE","SK",38
"VILLAGE GREEN","PE",38
"RUISSEAU-A-REBOURS","QC",38
"MIRY CREEK NO. 229","SK",38
"HAVELOCK","NS",38
"QUINTON","SK",38
"SEVOGLE","NB",38
"FIVE MILE RIVER","NS",38
"WILDCAT 12","NS",38
"FLAXCOMBE","SK",38
"CHILANKO FORKS","BC",38
"COMMERCIAL CROSS","PE",38
"VAL COTE","ON",38
"SUNNYNOOK","AB",38
"WHITE GULL","AB",38
"BALLANTYNES COVE","NS",38
"BENSON","SK",38
"DIVISION NO. 10, SUBD. D","NL",38
"RED HARBOUR PB","NL",38
"SMALL POINT-ADAM'S COVE-BLACKHEAD-BROAD COVE","NL",38
"OTTER BROOK","NS",38
"LYNCHE RIVER","NS",38
"EAST EARLTOWN","NS",38
"BENGOUGH NO. 40","SK",38
"OCEAN FALLS","BC",38
"RIVER HEBERT EAST","NS",38
"CONWAY","PE",38
"ST. SHOTT'S","NL",38
"HAYESVILLE","NB",38
"GOODLOW","BC",38
"NESKANTAGA","ON",38
"BAYVIEW","PE",38
"LOWER CAMBRIDGE","NB",38
"EAST COULEE","AB",38
"CAT LAKE 63C","ON",38
"WEST SPRINGHILL","NS",38
"SKYE GLEN","NS",37
"WEEKES","SK",37
"KEEWAYWIN","ON",37
"COAL BRANCH","NB",37
"PINEVALE","NS",37
"IRISHTOWN","PE",37
"ST BRIDES","NL",37
"OWLS HEAD","NS",37
"ENGLISH SETTLEMENT","NB",37
"ST ALMO","NB",37
"ALIDA","SK",37
"BANGOR","PE",37
"ARGENTA","BC",37
"AMHERST POINT","NS",37
"CAPE GEORGE POINT","NS",37
"LAKE EDWARD","NB",37
"POLLETT RIVER","NB",37
"BUNBURY","PE",37
"AVOLA","BC",37
"LITCHFIELD","NS",37
"UPPER KESWICK","NB",37
"ST-TIMOTHEE","PE",37
"SMITHS SETTLEMENT","NS",37
"LORNEVALE","NS",37
"BARR SETTLEMENT","NS",37
"IRISH COVE","NS",37
"KINSELLA","AB",37
"UPPER WASHABUCK","NS",37
"WALKERVILLE","NS",37
"CAPE DAUPHIN","NS",37
"LITTLE RIVER GLOUCESTER CO","NB",37
"ST-GILBERT","PE",37
"SELDOM","NL",37
"WEST PUGWASH","NS",36
"TWIN BUTTE","AB",36
"ROSEMOUNT NO. 378","SK",36
"PANSY","MB",36
"DIVISION NO.  7, SUBD. A","NL",36
"FORGET","SK",36
"NORTH WEST HARBOUR","NS",36
"VIEWMOUNT","NS",36
"MOBILE","NL",36
"MOUNTAIN ROAD","NS",36
"HEATHBELL","NS",36
"HAZELTON","NB",36
"ASHNOLA 10","BC",36
"WOODLANDS","NB",36
"BENNETT BAY","NS",36
"SODA CREEK 1","BC",36
"WEYBURN NO. 67","SK",36
"PARKERS COVE","NL",36
"MALAGASH MINE","NS",36
"LOVE","SK",36
"ELMIRA","PE",36
"NEQUATQUE","BC",36
"CHAPMAN SETTLEMENT","NS",36
"LITTLE BARTIBOG","NB",36
"HBMTWP","ON",36
"KIRKLAND","NB",36
"MANIGOTAGAN","MB",36
"EAST NEWBRIDGE","NB",36
"BEAVER MEADOW","NS",36
"ROBINSON CORNER","NS",36
"VEINERVILLE","AB",36
"EVERGREEN","NB",36
"CALVERT","NL",36
"KYUQUOT","BC",36
"MINE CENTRE","ON",36
"AUBURN","PE",36
"WEST GLENMONT","NS",36
"GREEN HILL","NB",36
"FLOWERS COVE","NB",36
"SAINTE-DOROTHEE","QC",36
"GINOOGAMING FIRST NATION","ON",36
"POINT OF BAY","NL",36
"WESTON","NS",36
"KINCAID","SK",36
"PEAWANUCK","ON",36
"AVONDALE","NB",36
"ST CATHERINES","PE",36
"WINTER HARBOUR","BC",36
"PAVILION 1","BC",36
"NEW TUSKET","NS",36
"KITIMAT-STIKINE A","BC",36
"ST MICHAEL","AB",36
"ROLLO BAY W","PE",36
"PUGWASH RIVER","NS",36
"NEWMANS COVE","NL",36
"NORTH ENMORE","PE",36
"LAKELANDS","NS",36
"DIVISION NO. 20, UNORGANIZED, NORTH PART","MB",36
"EAST BRAINTREE","MB",35
"NELSON HOLLOW","NB",35
"SISSON BROOK","NB",35
"BLOMIDON","NS",35
"GOLDEN VALLEY","ON",35
"JENNER","AB",35
"MELVILLE","PE",35
"RIO GRANDE","NB",35
"WEBSTERS CORNER","PE",35
"CARIBOU","NS",35
"NAMAKA","AB",35
"SPRINGTON","PE",35
"MAJOR","SK",35
"ASPEN COVE","NL",35
"CARLISLE","NB",35
"BALMORAL MILLS","NS",35
"KERRS MILL","NS",35
"CLAYHURST","BC",35
"GREEN OAKS","NS",35
"KEOMA","AB",35
"BANNON","NB",35
"WEST BLACK ROCK","NS",35
"TEMPLE","NB",35
"ARGYLE HEAD","NS",35
"SHINIMICAS","NS",35
"SAMBRO CREEK","NS",35
"OTTAWA BROOK","NS",35
"COGMAGUN","NS",35
"SOUTH BRANCH KINGS CO","NB",35
"WEIRDALE","SK",35
"WOODSIDE","NS",35
"OPAL","AB",35
"CARSONVILLE","NB",34
"PHILIPS HARBOUR","NS",34
"LILYDALE","NS",34
"GLENWILLIAM","PE",34
"DAKOTA PLAINS 6A","MB",34
"AROOSTOOK JUNCTION","NB",34
"EAST COLDSTREAM","NB",34
"ADMIRALS BEACH","NL",34
"STEEVES SETTLEMENT","NB",34
"JEWETTS MILLS","NB",34
"JAMESVILLE","NS",34
"CROSS LAKE 19","MB",34
"GRAND LAKE ROAD","NB",34
"CANNIFTON","ON",34
"MOUNT PISGAH","NB",34
"GULLIVERS COVE","NS",34
"HICKMANS HARBOUR","NL",34
"WESTERN BAY","NL",34
"THREE BROOKS","NB",34
"KINGFISHER LAKE","ON",34
"LOCUST HILL","ON",34
"LAKE ANNIS","NS",34
"PLAINFIELD","NS",34
"PINEHOUSE","SK",34
"LOUISVILLE","NS",34
"SETON PORTAGE","BC",34
"CHERRY BURTON","NB",34
"MCLAUGHLIN","AB",34
"ST-NICHOLAS","PE",34
"COPETOWN","ON",34
"MARY'S HARBOUR","NL",34
"BROOKLYN","PE",34
"OSNABURGH 63B","ON",34
"ST ISIDORE","AB",33
"WOODVALE","NS",33
"SENLAC","SK",33
"ORION","AB",33
"JIMTOWN","NS",33
"DOME CREEK","BC",33
"MOUNT BALDY","BC",33
"BAY FORTUNE","PE",33
"BELL ISLAND FRONT","NL",33
"BIRCHY HEAD","NS",33
"POINT TUPPER","NS",33
"BIDE ARM","NL",33
"STRATHCONA","PE",33
"NEW AVON","NB",33
"LOWER SHINIMICAS","NS",33
"MENDHAM","SK",33
"ELM HILL","NB",33
"ST ISIDORE DE BELLEVUE","SK",33
"KINGMAN","AB",33
"GLENVALE","NB",33
"KNIGHTVILLE","NB",33
"ROCHEVILLE","NB",33
"CAPE WOLFE","PE",33
"GOOD CORNER","NB",33
"NICTAUX WEST","NS",33
"GERMANTOWN","NB",33
"BLACKLAND RESTIGOUCHE CO","NB",33
"SCOUT LAKE","SK",33
"EAST WALLACE","NS",33
"UPTON","PE",33
"ROBERTA","NS",32
"LOON BAY","NL",32
"FOLLY MOUNTAIN","NS",32
"COTTAGE COVE","NS",32
"SALEM","NS",32
"MARGAREE","NS",32
"GASPEREAUX LAKE","NS",32
"CANOOSE","NB",32
"ST. JOSEPH'S","NL",32
"THE LODGE","NS",32
"DANVERS","NS",32
"FARMINGTON","PE",32
"BURNS LAKE 18","BC",32
"GORMANVILLE","NS",32
"PINEVIEW","BC",32
"GORDONDALE","AB",32
"NEW SALEM","NS",32
"NEW HARRIS","NS",32
"WESTHOLME","BC",32
"HILLTOP","NB",32
"ISKUT 6","BC",32
"TWO ISLANDS","NS",32
"NORTH COAST A","BC",32
"CHAPLEAU CREE FOX LAKE","ON",32
"JORDAN FERRY","NS",32
"RIVERDALE","NS",32
"LANGENBURG NO. 181","SK",32
"UPPER PEREAU","NS",32
"PORT DE GRAVE","NL",32
"DOBSON CORNER","NB",32
"LACADENA NO. 228","SK",32
"ELMSVILLE","NB",32
"HILLVIEW","NS",32
"PORT SHOREHAM","NS",32
"GITWINKSIHLKW","BC",32
"KAHNAWAKE 14","QC",32
"UPPER GRAND MIRA","NS",32
"GLEN VALLEY","PE",32
"SCEPTRE","SK",32
"MURCHYVILLE","NS",32
"LAC SEUL","ON",32
"SALMON RIVER.","NS",32
"MACKINNONS HARBOUR","NS",32
"KELLYS CROSS","PE",32
"STUART TOWN","NB",32
"MEDFORD","NB",32
"BRANCH","NL",32
"LESLIE BEACH","SK",32
"WALDECK WEST","NS",31
"STONEHURST NORTH","NS",31
"ERB SETTLEMENT","NB",31
"LOWER COVE","NB",31
"CAMPBELL SETTLEMENT YORK CO","NB",31
"SUNSET PRAIRIE","BC",31
"KENT JUNCTION","NB",31
"CALEDONIA","PE",31
"PORTAGE","NS",31
"DIVIDE","NB",31
"CARLETON VILLAGE","NS",31
"SAINT-BENOIT-DU-LAC","QC",31
"NEW ZEALAND","PE",31
"EAST CLIFFORD","NS",31
"WALLACE RIVER WEST","NS",31
"OLD AVON","NB",31
"POKIOK","NB",31
"KINGS COVE","NL",31
"MUNIAC","NB",31
"HOWLAND RIDGE","NB",31
"PIERCEMONT","NB",31
"BULL LAKE","NB",31
"ANDERSONVILLE","NB",31
"EAST VILLAGE","NS",31
"QUADEVILLE","ON",31
"RIVERTON","PE",31
"FAIRMONT","NS",31
"KINCARDINE","NB",31
"WANDERING RIVER","AB",31
"GILLIS LAKE","NS",31
"WINGS POINT","NL",31
"HILDA","AB",31
"SOUTH HEAD","NS",31
"TRAMPING LAKE","SK",30
"DEVON","NS",30
"FOND DU LAC 227","SK",30
"SPRAGUE","MB",30
"GUYSBOROUGH INTERVALE","NS",30
"BALD ROCK","NS",30
"SKOWNAN","MB",30
"WEST ADVOCATE","NS",30
"EDMONTON INTERNATIONAL AIRPORT","AB",30
"NORTH FORKS","NB",30
"PLEASANT VALLEY NO. 288","SK",30
"ESOWISTA 3","BC",30
"BUNYANS COVE","NL",30
"MCCALLUM SETTLEMENT","NS",30
"MONTREAL LAKE","SK",30
"BLUE BELL","NB",30
"BUBARTOWN","NB",30
"BOGGY CREEK","MB",30
"RECIPROCITY NO. 32","SK",30
"ROSENGART","MB",30
"HAY RIVER DENE 1","NT",30
"LOWER WASHABUCK","NS",30
"UPPER CHELSEA","NS",30
"TOPLEY LANDING","BC",30
"FRIEDENSRUH","MB",30
"NEWCOMBE NO. 260","SK",30
"HEAD BAY D'ESPOIR","NL",30
"COTEAU NO. 255","SK",30
"ALTONA","BC",30
"STONY RAPIDS","SK",30
"METEGHAN CENTRE","NS",30
"MATHER","MB",30
"THORNHILL","MB",30
"POST ROAD","NS",30
"NIPISSING, UNORGANIZED, SOUTH PART","ON",30
"HAMTOWN CORNER","NB",30
"BACCARO","NS",30
"WAVERLEY NO. 44","SK",30
"FISHERMANS HARBOUR","NS",30
"CHARLESTON","NB",30
"EVANDALE","NB",30
"LONG LAKE 58","ON",30
"SMITH CROSSING","NB",30
"SANDILANDS","MB",30
"DESCHAMBAULT LAKE","SK",30
"HOMEVILLE","NS",30
"MASONS BEACH","NS",30
"SKWEAHM 10","BC",30
"HAZELDEAN","NB",30
"ISLAND VIEW","SK",30
"ST THOMAS","NB",29
"COOKS COVE","NS",29
"COMEAUVILLE","NS",29
"MAPLE GROVE","NB",29
"BLUEBERRY MOUNTAIN","AB",29
"DACOTAH","MB",29
"JOHNSTOWN","NS",29
"PARKER ROAD","NB",29
"DRURYS COVE","NB",29
"CHERHILL","AB",29
"JAMES RIVER BRIDGE","AB",29
"RANDOLPH","MB",29
"OSBORNE CORNER","NB",29
"MOOSEHORN CREEK","NB",29
"LUGAR","NB",29
"VOGAR","MB",29
"SAINT-DAMIEN","NB",29
"PLEASANT HILL","NS",29
"BOYDS COVE","NL",29
"DALEM LAKE","NS",29
"WEST BRANCH","NB",29
"GARDENTON","MB",29
"ROSS CORNER","NS",29
"GIBSON WOODS","NS",29
"JOHNSON SETTLEMENT CHARLOTTE C","NB",29
"SOUTHVILLE","NS",29
"CRAIGMORE","NS",29
"GREGG SETTLEMENT","NB",29
"LITTLE BASS RIVER","NS",29
"MILL SECTION","NS",29
"DENNY ISLAND","BC",29
"TESSIER","SK",29
"STEAD","MB",29
"MIDDLEBRO","MB",29
"GRAYWOOD","NS",29
"CHOCOLATE COVE","NB",29
"ALTAMONT","MB",29
"WELWYN","SK",29
"GOOSE RIVER","PE",29
"ST BENEDICT","SK",29
"GRIFFIN","SK",29
"LOWER RIVER INHABITANTS","NS",29
"DEUX RIVIERES","ON",29
"FRONT CENTRE","NS",29
"DOW SETTLEMENT","NB",28
"WOLLASTON LAKE","SK",28
"FERTILE VALLEY NO. 285","SK",28
"SHANNON","NB",28
"HAZEL DELL NO. 335","SK",28
"ALMA","PE",28
"GRANTVILLE","NS",28
"PAMBRUN","SK",28
"BROOKVILLE","NS",28
"DE WINTON","AB",28
"ROACHVALE","NS",28
"PLUNKETT","SK",28
"NEW BANDON GLOUCESTER CO","NB",28
"MOUNT VERNON","PE",28
"WEST GORE","NS",28
"ST AMBROISE","MB",28
"ALBRIGHTS CORNER","NB",28
"ABITIBI 70","ON",28
"HUREAUVILLE","NS",28
"WABASCA 166A","AB",28
"GREEN CREEK","NS",28
"MINBURN","AB",28
"CARNWOOD","AB",28
"BROOKVALE","PE",28
"CHEBOGUE POINT","NS",28
"MALDEN","NB",28
"NORTH COAST C","BC",28
"VANSCOY NO. 345","SK",28
"ATWATER","SK",28
"GRAND LE PIERRE","NL",28
"ZAMA CITY","AB",28
"BANGOR","SK",28
"BEAR COVE","NS",28
"MURRAY SETTLEMENT","NB",28
"MOUNTVILLE","NS",28
"SLIDING HILLS NO. 273","SK",28
"LAC-HURON","QC",28
"MAHONEYS BEACH","NS",28
"CASTLE BAY","NS",28
"DIVISION NO.  8, SUBD. C","NL",28
"GORDON RIVER 2","BC",28
"RORKETON","MB",28
"NEW DAYTON","AB",27
"FAIRFIELD WESTMORLAND CO","NB",27
"MIDDLE CAPE","NS",27
"BUCKLAW","NS",27
"NORTH EAST MARGAREE","NS",27
"NIPPERS HARBOUR","NL",27
"SUGAR CAMP","NS",27
"WARDLOW","AB",27
"PEROTTE","NS",27
"HARTLIN SETTLEMENT","NS",27
"WENTZELLS LAKE","NS",27
"EUREKA RIVER","AB",27
"TWO RIVERS","BC",27
"BLAIR ATHOL","NB",27
"NAPADOGAN","NB",27
"HOWE BAY","PE",27
"COFFINSCROFT","NS",27
"WISHART","SK",27
"GLENHOLME","NS",27
"HEDGEVILLE","NS",27
"DICKSON","AB",27
"MCGEE LAKE","NS",27
"WESTON","NB",27
"BIRCH HILL","NS",27
"LAKE ROAD","NS",27
"POPLAR HILL","NS",27
"SNIDER MOUNTAIN","NB",27
"WEYAKWIN","SK",27
"KEJICK BAY","ON",27
"MATTATALL LAKE","NS",27
"BLUE MOUNTAIN BEND","NB",27
"POPLARFIELD","MB",27
"KLEMTU","BC",27
"CLOVERDALE","NS",27
"HARTLEY SETTLEMENT","NB",26
"JORDAN BRANCH","NS",26
"LITTLE HEARTS EASE","NL",26
"PICTOU ISLAND","NS",26
"LASQUETI","BC",26
"DIVISION NO.  8, SUBD. M","NL",26
"NESTOW","AB",26
"NEW SAREPTA","AB",26
"MARIE REINE","AB",26
"MANKOTA NO. 45","SK",26
"HEART'S DELIGHT","NL",26
"CURVENTON","NB",26
"ROSEISLE","MB",26
"LOREBURN NO. 254","SK",26
"BLACK ROCK","NB",26
"MELVILLE BEACH","SK",26
"DIVISION NO.  2, SUBD. C","NL",26
"HOTCHKISS","AB",26
"EAST POINT","PE",26
"TURNOR LAKE 193B","SK",26
"NAPINKA","MB",26
"SPIRITWOOD NO. 496","SK",26
"PAVILION","BC",26
"TULLIBY LAKE","AB",26
"ERINVILLE","NS",26
"CARDIGAN","NB",26
"SARNIA NO. 221","SK",26
"SMITHSVILLE","NS",26
"EAGLE RIDGE","SK",26
"PEAS BROOK","NS",26
"LOWER BLOMIDON","NS",26
"HAYTER","AB",26
"GRAY","SK",26
"KEYS NO. 303","SK",26
"PORT ALMA","ON",26
"PYNN'S BROOK","NL",26
"NORTH LAKE","PE",26
"ETTERS BEACH","SK",26
"MARSHES WEST BAY","NS",26
"PETERS 1","BC",26
"BLACK BROOK","NS",26
"DOG CREEK 1","BC",26
"ALEXANDRIA","BC",26
"CHRISTIAN ISLAND 30A","ON",26
"YAKWEAKWIOOSE 12","BC",26
"DINORWIC","ON",26
"BIG HOLE TRACT 8 (SOUTH HALF)","NB",26
"EGREMONT","AB",25
"POIRIER SUBDIVISION","NB",25
"DESTINY BAY","BC",25
"ENMORE","PE",25
"FROSTY HOLLOW","NB",25
"ST DAVIDS","NL",25
"HONDO","AB",25
"HAVENDALE","NS",25
"NORTH WEST BROOK","NL",25
"SUMMERFIELD KINGS CO","NB",25
"GEORGEFIELD","NS",25
"SOUTH CANAAN","NB",25
"PLEASANT RIDGE KINGS CO","NB",25
"BURNT POINT BDV","NL",25
"WONOWON","BC",25
"IRON BOUND COVE","NB",25
"BRACKEN","SK",25
"THOMASVILLE","NS",25
"MARSHY HOPE","NS",25
"BROAD COVE BDV","NL",25
"MCNEILLS MILLS","PE",25
"FRASERWOOD","MB",25
"MARKERVILLE","AB",25
"SPRING COULEE","AB",25
"CROUSES SETTLEMENT","NS",25
"AETNA","AB",25
"ALBION CROSS","PE",25
"BLANCHE","NS",25
"LONGWORTH","BC",25
"IRONVILLE","NS",25
"EDEN","MB",25
"MELROSE","NB",25
"WATERVALE","PE",25
"WALHACHIN","BC",25
"GREEN BAY","PE",25
"NORTH VIEW","NB",25
"CUMMINGS COVE","NB",25
"EMERALD","PE",25
"BEAVER FLAT","SK",24
"TINKER","NB",24
"LUKSEETSISSUM 9","BC",24
"CURRIE SIDING","NB",24
"TAYLOR VILLAGE","NB",24
"SEDDONS CORNER","MB",24
"OONA RIVER","BC",24
"MARRTOWN","NB",24
"HODSON","NS",24
"EHATIS 11","BC",24
"DIVISION NO.  1, SUBD. D","NL",24
"BROWNS YARD","NB",24
"PUKATAWAGAN 198","MB",24
"DORCHESTER CAPE","NB",24
"DELMAS","SK",24
"DEWOLFE","NB",24
"DENVER","NS",24
"THICKET PORTAGE","MB",24
"BABINE 25","BC",24
"BURNSIDE","NS",24
"ROSA","MB",24
"HEAD OF HILLSBOROUGH","PE",24
"SHELLBROOK NO. 493","SK",24
"HALLEBOURG","ON",24
"SCOTT SIDING","NB",24
"GUNDY","AB",24
"BERRYTON","NB",24
"MARKHAMVILLE","NB",24
"DSL DE SAINT-JACQUES","NB",24
"TATAMAGOUCHE MOUNTAIN","NS",24
"GJOA HAVEN","NU",24
"FINDLATER","SK",24
"GLENKEEN","NS",24
"LAWRENCETOWN.","NS",24
"COLINET","NL",24
"MANSFIELD","ON",24
"HAY COVE","NS",24
"FOISY","AB",24
"LAKE LENORE NO. 399","SK",24
"MINETT","ON",24
"SOUTH GRANVILLE","PE",24
"SACKVILLE ROAD","NB",24
"LES LACS-DU-TEMISCAMINGUE","QC",24
"LONG SETTLEMENT","NB",24
"RISKE CREEK","BC",24
"UPPER KINGSBURG","NS",24
"BALDWIN ROAD","PE",24
"NORTH TAY","NB",24
"INDIAN PATH","NS",24
"ST. ANDREWS NO. 287","SK",24
"MAPLE GROVE","NS",24
"HILLGROVE","NB",24
"RIVERSIDE NO. 168","SK",24
"GASKIERS-POINT LA HAYE","NL",24
"LA BARRIERE","MB",24
"GROS CAP 49","ON",24
"ELMWOOD","PE",24
"KAPAWE'NO FIRST NATION 229","AB",24
"NICTAU","NB",24
"MEIKLEFIELD","NS",24
"FISKE","SK",23
"ROCHFORT BRIDGE","AB",23
"FORESTVIEW","PE",23
"NEWCOMB CORNER","NS",23
"OAKVILLE","NB",23
"BASSWOOD RIDGE","NB",23
"REDMONDVILLE","NB",23
"BULLS CREEK","NB",23
"DAUVERSIERE","NB",23
"MACADAMS LAKE","NS",23
"CALEDONIA MOUNTAIN","NB",23
"AQUAFORTE","NL",23
"MIDWAY","NB",23
"OBAN","NS",23
"WHYCOCOMAGH PORTAGE","NS",23
"HAYS RIVER","NS",23
"MAPLEWOOD","NB",23
"MACKDALE","NS",23
"BIG MARSH","NS",23
"GATES MOUNTAIN","NS",23
"ELSTOW","SK",23
"DIGDEGUASH","NB",23
"WASAGAMACK","MB",23
"MARIE","PE",23
"FORD BANK","NB",23
"JACKSONS ARM","NL",23
"FIVE HOUSES","PE",23
"ST JOSEPH","MB",23
"LAKE MIDWAY","NS",23
"SUNNYBROOK","AB",23
"BURNT HILL","NB",23
"EVERETT","NB",23
"STEWARTDALE","NS",23
"NORTH STAR","AB",23
"FRENCH VILLAGE-YORK","NB",23
"SPRINGDALE","NS",23
"KUROKI","SK",23
"DEANS CORNER","NS",23
"CHILDS CREEK","NB",23
"AUVERGNE NO. 76","SK",22
"JORDANTOWN","NS",22
"RAINY LAKE 26A","ON",22
"ARBEAU SETTLEMENT","NB",22
"FLUME RIDGE","NB",22
"BLUEBERRY RIVER 205","BC",22
"WALLACE RIDGE","NS",22
"DROMORE","PE",22
"NORTONDALE","NB",22
"AITCHELITCH 9","BC",22
"BROWNFIELD","AB",22
"BIG LAKE","NS",22
"GRANT NO. 372","SK",22
"BIRSAY","SK",22
"QUAKER BROOK","NB",22
"STORTHOAKS NO. 31","SK",22
"MOUNTAIN FRONT","NS",22
"WEST INDIAN ROAD","NS",22
"CALDERS HEAD","NB",22
"ROBERTS ISLAND","NS",22
"CHARLOTTETOWN (LABRADOR)","NL",22
"PASHILQUA 2","BC",22
"ROCHE PERCEE","SK",22
"HILLGRADE","NL",22
"LAC-JOHN","QC",22
"RM OF BLUCHER","SK",22
"INDUS","AB",22
"CARRS BROOK","NS",22
"BARRA HEAD","NS",22
"VESPRA","NB",22
"HIGHFIELD","NB",22
"CRYSTAL SPRINGS","AB",22
"TISDALE NO. 427","SK",22
"BAYNE NO. 371","SK",22
"MARNE","NB",22
"ANTLER","SK",22
"OPASKWAYAK CREE NATION 21I","MB",22
"PENNAL 19","NS",22
"MIDLAND QUEENS CO","NB",22
"TUCKKWIOWHUM 1","BC",22
"UPPER CAVERHILL","NB",22
"MILLER RD","NS",22
"ROSEDALE STATION","AB",22
"GARRICK","SK",22
"HALFWAY BROOK","NS",22
"ROSS CREEK","NS",22
"BURNTCOAT","NS",22
"SCOTCH SETTLEMENT","NB",22
"HAWKSHAW","NB",21
"FANNING BROOK","PE",21
"RIVER HILLS","MB",21
"RIVERBANK KINGS CO","NB",21
"GREENFIELD.","NS",21
"MAPLE VIEW","NB",21
"LATTIES BROOK","NS",21
"CHERRY HILL","PE",21
"MCRAE","AB",21
"CEDAR CAMP","NB",21
"MOUNT ROYAL","PE",21
"WEST RIVER","NB",21
"JACKSON FALLS","NB",21
"LOCHIEL LAKE","NS",21
"PONDSTREAM","NB",21
"SEDALIA","AB",21
"EASTON","NS",21
"TOUROND","MB",21
"PIPERS COVE","NS",21
"SOUTH MILFORD","NS",21
"RIVERSIDE CORNER","NS",21
"WELTON LANDING","NS",21
"CABLE HEAD WEST","PE",21
"CHISHOLM","AB",21
"ELMFIELD","NS",21
"GRAYSVILLE","MB",21
"FORT MCKAY","AB",21
"BYRNES ROAD","PE",21
"CRANDALL ROAD","NS",21
"GLENLEA","MB",21
"BRUNKILD","MB",21
"ATTACHIE","BC",21
"MADDEN","AB",21
"BEAUMARIS","ON",21
"GOODLANDS","MB",21
"IRETON","NS",21
"INVERNESS","PE",20
"VICTORY NO. 226","SK",20
"ARGYLE SHORE","PE",20
"ALICE BEACH","SK",20
"DIVISION NO.  7, SUBD. J","NL",20
"JACKSON'S ARM","NL",20
"WELTONS CORNER","NS",20
"HARRISON SETTLEMENT","NS",20
"EAST BALTIC","PE",20
"ROCK RIDGE","MB",20
"GLENMORE","NS",20
"ST. PATRICK ROAD","PE",20
"CLANWILLIAM","MB",20
"CENTRAL HAMPSTEAD","NB",20
"BLUBBER BAY","BC",20
"CARTYVILLE","NL",20
"WEST END","SK",20
"MIDDLE BAY","QC",20
"CLOVER VALLEY","NB",20
"BROUGHTON","NS",20
"SOUTHEND","SK",20
"DALROY","AB",20
"LENORE","MB",20
"SHORT BEACH","NS",20
"ST. MARY'S","BC",20
"CONNS MILLS","NS",20
"BETTSBURG","NB",20
"ROSEVALE","NB",20
"HODGSON","MB",20
"GADSBY","AB",20
"HILLSBOROUGH WEST","NB",20
"BEAR RIVER N","PE",20
"NEW ARGYLE","PE",20
"GILLIS POINT","NS",20
"ARDOISE","NS",20
"LEVERVILLE","NB",20
"LUNDBRECK","AB",20
"BAILLIE","NB",20
"BEAR CANYON","AB",20
"RIDGEVILLE","MB",20
"CAT LAKE","ON",20
"SKWAH 4","BC",20
"BEAVERBROOK ALBERT CO","NB",20
"HEWARD","SK",20
"KELSEY","AB",20
"AQUADEO","SK",20
"ST SHOTTS","NL",20
"LAC-DESPINASSY","QC",20
"GLENMARTIN","PE",20
"WOODSIDE","NB",20
"MORELL 2","PE",20
"WARD SETTLEMENT","NB",20
"WEST EARLTOWN","NS",20
"WEAVER SIDING","NB",20
"LITTLE TANCOOK","NS",20
"EAST BERWICK","NS",20
"CROSS LAKE 19E","MB",20
"WALDECK EAST","NS",20
"ROLPHTON","ON",20
"QUEENSVILLE","NS",20
"RED BRIDGE","NB",20
"A KWIS KI MAHKA","MB",20
"EAST BRANCH","NB",20
"PIGEON LAKE 138A","AB",20
"PARRY SOUND, UNORGANIZED, NORTH EAST PART","ON",20
"TAWATINAW","AB",20
"KULKAYU (HARTLEY BAY) 4A","BC",20
"WHITEFISH BAY 33A","ON",20
"MARQUETTE","MB",19
"TETAGOUCHE FALLS","NB",19
"DOMAIN","MB",19
"SOUTH LAKE AINSLIE","NS",19
"LANSDOWNE HOUSE","ON",19
"ASPOTOGAN","NS",19
"ZIONVILLE","NB",19
"FOREST CITY","NB",19
"LIME HILL","NS",19
"BATNUNI LAKE","BC",19
"REYNOLDSCROFT","NS",19
"CANDO","SK",19
"CAMPBELL HILL","NS",19
"WEST COOKS COVE","NS",19
"ANDERSON MOUNTAIN","NS",19
"LESTERDALE","NS",19
"WATTEN TOWNSHIP","ON",19
"NEW PERTH","PE",19
"CESSFORD","AB",19
"LAGGAN","NS",19
"LITTLE SALMON RIVER WEST","NB",19
"GREEN ROAD","NB",19
"NORTHVILLE","NS",19
"LUNDY","NS",19
"BLACK ROCK.","NS",19
"WARWICK MOUNTAIN","NS",19
"TOLSTOI","MB",19
"CHURCHILL FALLS","NL",19
"GIANTS GLEN","NB",19
"LANSDOWNE STATION","NS",19
"CARAMAT","ON",19
"COBURG","NB",19
"ATLANTA","NS",19
"MISSISSIPPI STATION","ON",19
"COWAN","MB",19
"NEW BRIGDEN","AB",19
"CHESLATTA 1","BC",18
"HORNDEAN","MB",18
"BALTIMORE","NB",18
"DELHAVEN","NS",18
"GOWANBRAE","PE",18
"THEIK 2","BC",18
"BLIND CREEK 6","BC",18
"WHITES MOUNTAIN","NB",18
"MAKWA","SK",18
"PRINCE ALBERT","NS",18
"NOINVILLE","NB",18
"RIVER DE CHUTE","NB",18
"CANWOOD NO. 494","SK",18
"MOOSEOCOOT","MB",18
"MACNABS COVE","NS",18
"BYERS LAKE","NS",18
"FORT RUPERT 1","BC",18
"NORTH WEYBURN","SK",18
"TWO BROOKS","NB",18
"BIRCH HILLS NO. 460","SK",18
"WATERLOO LAKE","NS",18
"SPEERVILLE","NB",18
"MINAKI","ON",18
"HAYMAN HILL","NB",18
"ROXVILLE","NS",18
"NEW CANAAN","NB",18
"MOUNT DELIGHT","NB",18
"STAG HARBOUR","NL",18
"MATACHEWAN 72","ON",18
"WELLWOOD","MB",18
"LITTLE BAY EAST","NL",18
"BALMORAL SUD","NB",18
"MANTUA","NS",18
"MURRAY ROAD","PE",18
"MONQUART","NB",18
"MEZIADIN LAKE","BC",18
"NEWTON SIDING","MB",18
"GLENORA","MB",18
"SPALDING NO. 368","SK",18
"DIVISION NO.  7, SUBD. F","NL",18
"ROSEAU RIVER 2","MB",18
"HUDSON BAY NO. 394","SK",18
"LAC BROCHET 197A","MB",18
"GLADESIDE","NB",18
"SOUTH JUNCTION","MB",18
"SAWRIDGE 150G","AB",18
"GOODWATER","SK",18
"SISKA FLAT","BC",18
"LEXINGTON","NS",18
"PORT PHILLIP","NS",17
"FRIEDENSFELD WEST","MB",17
"MIDNIGHT SUN ESTATES","SK",17
"NORTH INTERVALE","NS",17
"PINEHOUSE LAKE","SK",17
"MARYS HARBOUR","NL",17
"FRAMBOISE INTERVALE","NS",17
"GUERNSEY","SK",17
"OAK MOUNTAIN","NB",17
"LOGANVILLE","NS",17
"BRONSON SETTLEMENT","NB",17
"MEDORA","MB",17
"HARTZ POINT","NS",17
"LONG HARBOUR","NL",17
"SKIFF","AB",17
"LOCKWOOD","SK",17
"TATLAYOKO LAKE","BC",17
"CANISTO","NB",17
"TYNEMOUTH CREEK","NB",17
"FOUR MILE BROOK","NS",17
"ZELMA","SK",16
"WABAUSKANG 21","ON",16
"RIDGEDALE","SK",16
"WEST LAKE AINSLIE","NS",16
"PORTUGAL COVE SOUTH","NL",16
"PEACE POINT","SK",16
"MIDGELL","PE",16
"GUINEA","NS",16
"HOMEWOOD","MB",16
"ATTAWAPISKAT","ON",16
"WALKER SETTLEMENT","NB",16
"L'ILE-MICHON","QC",16
"ESTHER","AB",16
"CHORNEY BEACH","SK",16
"LINDSAY LAKE","NS",16
"UPPER DORCHESTER","NB",16
"HARTIN SETTLEMENT","NB",16
"CADOGAN","AB",16
"DURBAN","MB",16
"FRENCHMAN BUTTE NO. 501","SK",16
"MATES CORNER","NB",16
"ST. PAULS","NS",16
"YARMOUTH BAR","NS",16
"WILLOW BUNCH NO. 42","SK",16
"RAMSAYVILLE","ON",16
"BARONY","NB",16
"CHAMBERS SETTLEMENT","NB",16
"STE AGATHE EAST","MB",16
"MEDWAY RIVER 11","NS",16
"SMILEY","SK",16
"EDGELEY","SK",16
"HENDERSON SETTLEMENT","NB",16
"ALSIKE","AB",16
"MACOAH 1","BC",16
"BROOK VILLAGE","NS",16
"SOAPSTONE MINE","NS",16
"RODGERS COVE","NL",16
"BALLA PHILIP","NB",16
"BROOKLAND","NS",16
"ISKUT","BC",16
"SINCLAIR","MB",16
"LITTLE RIVER LAKE","NS",16
"LINGAN ROAD","NS",16
"COOKVILLE","NB",16
"SOUTHAMPTON","PE",16
"MANNHURST","NB",16
"LAST MOUNTAIN VALLEY NO. 250","SK",16
"GRONLID","SK",16
"CHINOOK","AB",16
"VICTORIA HARBOUR","NS",16
"HANFORD BROOK","NB",16
"RICHFIELD","NS",16
"SOUTH SECTION","NS",16
"MARBLE CANYON 3","BC",16
"WELLINGTON NO. 97","SK",16
"HAZELDALE","NS",16
"HENVEY INLET 2","ON",16
"BLOOMFIELD","NL",16
"GRAYSON NO. 184","SK",16
"MARSHALL POINT","NS",16
"OGDEN","NS",16
"FINLAY RIVER 6","BC",16
"DOG CREEK","BC",16
"FOUNTAIN ROAD","NS",16
"HILLATON","NS",16
"HIGGINSVILLE","NS",16
"KAHNAWAKE","QC",16
"ALSASK","SK",15
"SULTAN","ON",15
"EVANS ROAD","NB",15
"MATHESON ISLAND","MB",15
"KOLA","MB",15
"SHANKLIN","NB",15
"HARTFORD","NS",15
"FOND DU LAC","SK",15
"NORWOOD","NS",15
"ROGERS HILL","NS",15
"WEST BAY CENTRE","NL",15
"ESTMERE","NS",15
"DEAD CREEK","NB",15
"DEBAIES COVE","NS",15
"TUSCAN RIDGE","SK",15
"BUCKFIELD","NS",15
"GRATES COVE","NL",15
"RABBIT LAKE","SK",15
"ROSSFIELD","NS",15
"STIRLING","NS",15
"ROCK ELM","NS",15
"BIG HOLE","NB",15
"KIRKMOUNT","NS",15
"ROUND BAY","NS",15
"BRIDGETOWN","PE",15
"LEWIS COVE RD","NS",15
"GLENTWORTH","SK",15
"NEW LAIRG","NS",15
"RITCHIE","NB",15
"CASSIDY","BC",15
"UPPER HAMPSTEAD","NB",15
"HILBRE","MB",15
"MILLSTREAM","NS",15
"GLENEVIS","AB",14
"CENTRE VILLAGE","NB",14
"ROCK BARRA","PE",14
"PLYMOUTH","NB",14
"HIBERNIA COVE","NB",14
"UPPER FRASER","BC",14
"ALBERT FLAT 5","BC",14
"BIRCH RIDGE","NB",14
"KIRRIEMUIR","AB",14
"NAPHTHA","AB",14
"NEW CHELSEA","NL",14
"SIBBALD","AB",14
"DORTS COVE","NS",14
"LAC PELLETIER NO. 107","SK",14
"INKERMAN","PE",14
"FORT WARE 1","BC",14
"WILLOWDALE","NS",14
"INSINGER NO. 275","SK",14
"BLACK DUCK SIDING","NL",14
"RED ROCK","NB",14
"GYPSUMVILLE","MB",14
"BARTHOLOMEW","NB",14
"MARGARET","MB",14
"BAIE-DE-LA-BOUTEILLE","QC",14
"DIVISION NO.  6, SUBD. A","NL",14
"SELKIRK","PE",14
"EAST SKYE GLEN","NS",14
"EAGLE LAKE","AB",14
"FOX COVE-MORTIER","NL",14
"WISE CREEK NO. 77","SK",14
"DENSMORES MILLS","NS",14
"CROMER","MB",14
"KLEHKOOT 2","BC",14
"WILTONDALE","NL",14
"JOEYASKA 2","BC",14
"BELLE-RIVIERE","QC",14
"RIVERBANK SOUTH","NB",14
"THE NARROWS 49","MB",14
"SIX MILE BROOK","NS",14
"IRON MINES","NS",14
"ISABELLA","MB",14
"SMITH'S CORNER","NB",14
"ILFORD","MB",14
"UPPER KEMPTOWN","NS",14
"CAMPBELL SETTLEMENT","NB",14
"ROXBURY","PE",14
"OUTRAM","NS",14
"TRIBUNE","SK",14
"JEFFREYS","NL",14
"SUNDOWN","MB",14
"STONEVILLE","NL",14
"BURPEE","NB",14
"DALEMEAD","AB",14
"JUSTICE","MB",13
"YARBO","SK",13
"LANCER","SK",13
"STAND OFF","AB",13
"DEADMANS BAY","NL",13
"BISSETT CREEK","ON",13
"NEVADA VALLEY","NS",13
"CLOVER HILL","NB",13
"ASBESTOS","QC",13
"HALBSTADT","MB",13
"STEPHENFIELD","MB",13
"NETHERHILL","SK",13
"GOOSE LAKE","NS",13
"ZHIIBAAHAASING","ON",13
"MONITOR","AB",13
"BAGOT","MB",13
"KASHECHEWAN","ON",13
"GARDINER POINT","NB",13
"CADOMIN","AB",13
"BROAD COVE.","NS",13
"COMPEER","AB",13
"CAPE STATION","NB",13
"NEW TRURO ROAD","NS",13
"PLEASANT VILLA","NB",13
"RED WILLOW","AB",13
"GRISWOLD","MB",13
"JOHNSON'S MILLS","NB",13
"STAPLES SETTLEMENT","NB",13
"AINSLIE GLEN","NS",13
"VEREGIN","SK",13
"CHIPMANS CORNER","NS",13
"RALEIGH","NL",13
"KELWOOD","MB",13
"UPPER CLYDE RIVER","NS",13
"TILTING","NL",13
"BIRNIE","MB",13
"GLIDDEN","SK",12
"GREENFIELD","PE",12
"ROCKPORT","NB",12
"TORK 7","BC",12
"ST. JACQUES-COOMB'S COVE","NL",12
"KINOOSAO","SK",12
"MCMILLAN ISLAND 6","BC",12
"WOODMORE","MB",12
"RUDDELL","SK",12
"PERRY SETTLEMENT","NB",12
"LITTLE SPRINGS","BC",12
"PAPYUM 27","BC",12
"ALBA","NS",12
"KULKAYU (HARTLEY BAY) 4","BC",12
"KINOSOTA","MB",12
"DIVISION NO.  2, SUBD. E","NL",12
"PADDLE PRAIRIE","AB",12
"CHIPEWYAN 201A","AB",12
"SOUTH COVE","NS",12
"NEWGATE","BC",12
"RESERVOIR-DOZOIS","QC",12
"LEE SETTLEMENT","NB",12
"ADEN","AB",12
"DIVISION NO.  9, SUBD. C","NL",12
"LA PLONGE 192","SK",12
"VALPARAISO","SK",12
"CREIGNISH REAR","NS",12
"WALLACE NO. 243","SK",12
"SQUAW-HAY-ONE 11","BC",12
"STONEY POINT","NS",12
"ENGLISH HARBOUR EAST","NL",12
"FRASER","BC",12
"SOUTHWEST COVE","NS",12
"OPITSAT 1","BC",12
"OPASKWAYAK CREE NATION 21B","MB",12
"RICETON","SK",12
"PERDUE NO. 346","SK",12
"SADDLE LAKE","AB",12
"HIGHLANDS","NL",12
"COLLEGE GRANT","NS",12
"GLENCAIRN","ON",12
"NORTHERN HARBOUR","NB",12
"POLLARDS POINT","NL",12
"WALLACE HILLS 14A","NS",12
"CAPE FREELS NORTH","NL",12
"HAZEL DELL","SK",12
"CLAREMONT","ON",12
"SALMON CREEK","NB",12
"GARLAND","MB",12
"HIGHLAND HILL","NS",12
"PARLEEVILLE","NB",12
"UTIKOOMAK LAKE 155","AB",12
"CHURCH ROAD","PE",11
"EAST BRANCH","NS",11
"PARKLAND","AB",11
"NOELS POND","NL",11
"GOWGANDA","ON",11
"PORT MELLON","BC",11
"ELLSCOTT","AB",11
"ROCKY MOUNTAIN","NS",11
"ST. PATRICKS CHANNEL","NS",11
"IRISH SETTLEMENT","NB",11
"JORDAN MOUNTAIN","NB",11
"PELERIN","NB",11
"RUNNYMEDE","SK",11
"BALDWINTON","SK",11
"GRASS COVE","NS",11
"BROOKVILLE","NB",11
"FRENCHMAN'S HEAD","ON",11
"WELLINGTON.","NS",11
"KLEENA KLEENE","BC",11
"ROCKFIELD","NS",11
"WEST FLORENCEVILLE","NB",11
"SELFRIDGE CORNER","NS",11
"PENZANCE","SK",11
"MAR","ON",11
"FLEMINGTON","NB",11
"CARDALE","MB",11
"BURGOYNES COVE","NL",11
"BARKERVILLE","BC",11
"HILLCREST","NS",11
"PEMBERTON RIDGE","NB",11
"SALMON RIVER LAKE","NS",11
"KAVANAUGH MILLS","NS",10
"BELLEVUE","PE",10
"POINT AU GAUL","NL",10
"RIVERHEAD","NL",10
"COWICHAN LAKE","BC",10
"STRICKLAND","ON",10
"WOSTOK","AB",10
"ANEROID","SK",10
"KINDERSLEY NO. 290","SK",10
"SUNSET COVE","SK",10
"CANOE CREEK 1","BC",10
"METISKOW","AB",10
"LOWER SIMILKAMEEN 2","BC",10
"MOUNTAIN VIEW NO. 318","SK",10
"SQUIRREL COVE","BC",10
"BIG RIVER NO. 555","SK",10
"JELLICOE","ON",10
"BEAVER LAKE 17","NS",10
"GARDEN HILL FIRST NATION","MB",10
"STAR","AB",10
"LAIRD NO. 404","SK",10
"LAKE KILLARNEY","NS",10
"HALFWAY RIVER","NS",10
"HASKETT","MB",10
"SUCCESS","SK",10
"SHOAL RIVER 65B","MB",10
"GINEW","MB",10
"WELSFORD.","NS",10
"FLOWER'S COVE","NL",10
"SHEET HARBOUR 36","NS",10
"LAVENHAM","MB",10
"SHESHATSHIU","NL",10
"PALLING 1","BC",10
"DEASE LAKE 9","BC",10
"WABASCA 166D","AB",10
"MALAGASH STATION","NS",10
"HOLE OR HOLLOW WATER 10","MB",10
"COTTRELLS COVE","NL",10
"FAIRFORD 50","MB",10
"MASKWACIS","AB",10
"PERRAULT FALLS","ON",10
"ANTLER NO. 61","SK",10
"CHURCHVIEW","NS",10
"UPPER HAT CREEK 1","BC",10
"OSNABURGH HOUSE","ON",10
"CONCORD","NS",10
"PAUL'S BASIN 2","BC",10
"EXCEL NO. 71","SK",10
"CHARLO SOUTH","NB",10
"CRANE RIVER 51","MB",10
"POUND COVE","NL",10
"ARDLEY","AB",10
"SOUTH BAYMOUTH","ON",10
"PLEASANTDALE NO. 398","SK",10
"BRIDGEPORT","NL",10
"DIVISION NO.  2, SUBD. D","NL",10
"ASHCROFT 4","BC",10
"ELFROS NO. 307","SK",10
"LAKE ISLE","AB",10
"IRON RIVER","AB",10
"DINGWELLS MILLS","PE",9
"TEMPLEMAN","NL",9
"CURRIEBURG","NB",9
"NASS CAMP","BC",9
"LOWER ISLAND COVE","NL",9
"DAVIN","SK",9
"BALMORAL EST","NB",9
"ASHFIELD","NS",9
"MCKENNA","NB",9
"CONRICH","AB",9
"MACLAGGAN BRIDGE","NB",9
"BIG CREEK","BC",9
"HALIBURTON","PE",9
"CHARLIE LAKE","NB",9
"NINGA","MB",9
"BANKEND","SK",9
"FACTORYDALE","NS",9
"LAC BROCHET","MB",9
"BRODHAGEN","ON",9
"UPPER BARNEYS RIVER","NS",9
"ARCTIC BAY","NU",9
"BUFFALO","AB",9
"SYLVAN VALLEY","NS",9
"HERSONVILLE","NB",9
"MEMRAMCOOK EAST","NB",9
"HART LAKE","NS",9
"BEULAH","MB",9
"ALLENVILLE","NS",9
"BREWERS MILL","NB",9
"HUBBARD","SK",9
"COLE BAY","SK",9
"KINLEY","SK",9
"BARACHOIS BROOK","NL",9
"STIRLING BROOK","NS",9
"UNION CORNER","NB",9
"ROSEBURN","NS",9
"BROSSEAU","AB",9
"SOUTH DILDO","NL",9
"FRENCHMAN BUTTE","SK",9
"NORTHERN BAY","NL",9
"GANDER BAY","NL",9
"LAKETON","NB",9
"BALZAC","AB",9
"WEST ST MODESTE","NL",9
"PORT ALBERT","NL",9
"RIVER TILLARD","NS",8
"EAST NEW ANNAN","NS",8
"DUCK LAKE 76B","ON",8
"HAGEN","SK",8
"LAC-DES-EAUX-MORTES","QC",8
"ORO","ON",8
"ANDERSON SETTLEMENT","NB",8
"LYLETON","MB",8
"PITTVILLE NO. 169","SK",8
"BARRA GLEN","NS",8
"CLARKVILLE","NB",8
"GARDEN OF EDEN","NS",8
"PUKATAWAGAN","MB",8
"SLOSH 1","BC",8
"KATIT 1","BC",8
"KEBLE","NS",8
"PORT CLYDE","NS",8
"FORT PROVIDENCE","NT",8
"MCCORD","SK",8
"SALMON RIVER 1","BC",8
"VICTORIA COVE","NL",8
"FRASERVILLE","NS",8
"ATLANTIC","NS",8
"MONTMARTRE NO. 126","SK",8
"GREENWICH","PE",8
"MILLICENT","AB",8
"WABASCA 166B","AB",8
"GREENFARM","MB",8
"MEADOW LAKE NO. 588","SK",8
"LIMEROCK","NS",8
"KILBRIDE","NL",8
"ORANGEDALE EAST","NS",8
"L'ILE-DORVAL","QC",8
"BECKIM SETTLEMENT","NB",8
"CYMRIC","SK",8
"NUUAUTIN 2","BC",8
"FRENCHMANS COVE FB","NL",8
"CHELAN","SK",8
"PIAPOT","SK",8
"MONT-VALIN","QC",8
"TYVAN","SK",8
"STAWAMUS 24","BC",8
"CAILS MILLS","NB",8
"CHAPLEAU 74A","ON",8
"PONHOOK LAKE 10","NS",8
"POLLOCKVILLE","AB",8
"TAY FALLS","NB",8
"FISHTRAP 19","BC",8
"CANAAN..","NS",8
"ST. BRENDAN'S","NL",8
"LOST RIVER NO. 313","SK",8
"IDDESLEIGH","AB",8
"UNNAMED 10","BC",8
"ROOTH","NB",8
"NESBITT","MB",8
"ST DENIS","SK",8
"BRUXELLES","MB",8
"PIAPOT NO. 110","SK",8
"HARMONY.","NS",8
"UPPER NORTH SYDNEY","NS",8
"COOK'S HARBOUR","NL",8
"WARE","BC",8
"GREAT BEND NO. 405","SK",8
"STOCKTON","MB",8
"DIVISION NO.  8, SUBD. A","NL",8
"FAIRY GLEN","SK",8
"WA-PII MOOS-TOOSIS (WHITE CALF) 83A","SK",8
"DIVISION NO.  7, SUBD. N","NL",8
"COWESSESS 73 (PART)","SK",8
"LOWER THREE FATHOM HARBOUR","NS",8
"PEGUIS","MB",8
"WAYWAYSEECAPPO","MB",8
"GRANDORA","SK",8
"WHISPER RIVER ESTATES","SK",8
"CHESTER NO. 125","SK",8
"SUMMERVILLE.","NS",8
"SOURIS VALLEY NO. 7","SK",8
"NESUCH 3","BC",8
"L'ISLETVILLE","QC",8
"ST CHADS","NL",8
"ST MARTIN","MB",8
"BELLEGARDE","SK",7
"SCOTSVILLE","NS",7
"MILL VILLAGE.","NS",7
"EPWORTH","NL",7
"GARDEN COVE PB","NL",7
"DUFFERIN QUEENS CO","NB",7
"LAC LA CROIX FIRST NATION","ON",7
"NORTH MEDFORD","NS",7
"BARTLETTS MILLS","NB",7
"SYLVANIA","SK",7
"HEBERT","NB",7
"NEW GAIRLOCH","NS",7
"LONG LAKE","NS",7
"MISSANABIE","ON",7
"KILLOWEEN","NB",7
"DIAMOND","NS",7
"WALLACE GRANT","NS",7
"WHITEFISH BAY","ON",7
"OCHRE PIT COVE","NL",7
"ENGLISH HARBOUR WEST","NL",7
"SHALALTH","BC",7
"TSAY KEH DENE","BC",7
"GOODWIN MILL","NB",7
"NORTH SHANNONVALE","NB",7
"RICHARD","SK",7
"UPPER ROCKPORT","NB",7
"FREDERICKSBURG","NB",7
"TWAY","SK",7
"LITTLE BULLHEAD","MB",7
"IMMIGRANT ROAD","NB",7
"WASHABUCK CENTRE","NS",7
"SHAMROCK","PE",7
"VALLEY","PE",7
"LONG POINT","NS",7
"CARROLL","MB",7
"MAPLE HILL","PE",7
"LYNDALE","PE",7
"BUCHANS JUNCTION","NL",7
"WARSAW","ON",7
"LITTLE RIVER HILL","NB",7
"KATHYRN","AB",7
"CYNTHIA","AB",7
"BROOKLYN.","NS",7
"SHELLMOUTH","MB",7
"CHURCH POINT STATION","NS",7
"BRITANNIA NO. 502","SK",6
"WAPASKOKIMAW 202","SK",6
"ASSINIBOINE 76","SK",6
"ELMSTHORPE NO. 100","SK",6
"BREYNAT","AB",6
"ASKILTON","NS",6
"COMMANDA","ON",6
"WHITE WATER","NS",6
"RUDY NO. 284","SK",6
"PEGUIS 1B","MB",6
"LAC-PIKAUBA","QC",6
"AMISKOSAKAHIKAN 210","SK",6
"PEERS","AB",6
"DUNDAS","PE",6
"JOHNSON SETTLEMENT YORK CO","NB",6
"CHARLOTTETOWN LAB","NL",6
"PORT MALCOLM","NS",6
"WOODSTOCK","NS",6
"CAYOOSH CREEK 1","BC",6
"COQUALEETZA","BC",6
"VINEGAR HILL","NB",6
"PRIMATE","SK",6
"CRANDALL","MB",6
"ZOHT 4","BC",6
"NIPAWIN NO. 487","SK",6
"ST VICTOR","SK",6
"EAGLE CREEK NO. 376","SK",6
"MINASVILLE","NS",6
"KANANASKIS","AB",6
"SEAICHEM 16","BC",6
"CHEKWELP 26","BC",6
"CHEAKAMUS 11","BC",6
"WAIWAKUM 14","BC",6
"EAST FRASERVILLE","NS",6
"CAMBRIA NO. 6","SK",6
"YOUNGS POINT","ON",6
"GAIRLOCH","PE",6
"DRIFT PILE RIVER 150","AB",6
"ATIKAMEG","AB",6
"MOODYS CORNER","NS",6
"GRIMMS SETTLEMENT","NS",6
"SIRDAR","BC",6
"NEVIS","AB",6
"HILLSDALE NO. 440","SK",6
"SUSSEX SOUTH","NB",6
"NEGUAGUON LAKE 25D","ON",6
"JOHNY STICKS 2","BC",6
"SHOAL LAKE 28A","SK",6
"NOTIKEWIN","AB",6
"CODERRE","SK",6
"MARENGO","SK",6
"CANNINGS COVE","NL",6
"DOMREMY","SK",6
"FLOWERS COVE","NL",6
"CRESCENT SPUR","BC",6
"DOROTHY","AB",6
"WHARTON","NS",6
"NEW HAVEN","NS",6
"WOOD RIVER NO. 74","SK",6
"NORTH WALLACE BAY","NS",6
"GETHSEMANI","QC",6
"INKLYUHKINATKO 2","BC",6
"POPLAR VALLEY NO. 12","SK",6
"SCHKAM 2","BC",6
"BIG HOLE TRACT 8 (NORTH HALF)","NB",6
"WIGGINS MILL","NB",6
"PORCUPINE NO. 395","SK",6
"HARTLEY BAY","BC",6
"COWESSESS","SK",6
"RENEWS","NL",6
"ARNAUD","MB",6
"POOLS ISLAND","NL",6
"HOLBEIN","SK",6
"SALTCOATS NO. 213","SK",6
"ST ALPHONSE","MB",6
"SAN CLARA","MB",6
"TABUSINTAC 9","NB",6
"LOWER KOOTENAY 1C","BC",6
"VICTOIRE","SK",6
"SOVEREIGN","SK",6
"DELACOUR","AB",5
"RICHARDSON","SK",5
"MALEB","AB",5
"PINE RIDGE","NB",5
"SNOWFLAKE","MB",5
"IROQUOIS FALLS A","ON",5
"BRIGHT SAND","SK",5
"SLOPE","NB",5
"MOOSE RIVER","NS",5
"MCLELLANS MOUNTAIN","NS",5
"KEPPOCH MOUNTAIN","NS",5
"ALBANY CROSS","NS",5
"DENNIS BEACH","NB",5
"BIG STONE","AB",5
"SAVANT LAKE","ON",5
"LAKE FRANCIS","MB",5
"DUBEE SETTLEMENT","NB",5
"AUBIGNY","MB",5
"FAIRFORD","MB",5
"DORRINGTON HILL","NB",5
"DUNSINANE","NB",5
"INDIAN FIELDS","NS",5
"WALDRON","SK",5
"DONEGAL","NB",5
"SUNNYBRAE","NS",5
"PLATE COVE EAST","NL",5
"LEWES","PE",5
"KEWSTOKE","NS",5
"ISLAND LAKE","MB",5
"POOLE","ON",5
"DRIFTPILE","AB",5
"MIDDLE PEREAU","NS",5
"CROOKED RIVER","SK",5
"OUNGRE","SK",5
"SAINTE-ANNE-DE-LA-POCATIERE","QC",5
"ARMOND","NB",5
"SHIPMAN","SK",5
"ARDATH","SK",5
"TILSTON","MB",5
"VISTA","MB",5
"RIVIERE DU NORD","NB",5
"DRAGON LAKE 3","BC",4
"DIVISION NO.  1, SUBD. B","NL",4
"NORTH RIVER BRIDGE","NS",4
"BLACK RIVER 9","MB",4
"PINEHURST","NS",4
"BIG SHELL","SK",4
"HICKSVILLE","NB",4
"OTTER CREEK","NB",4
"WHITEFISH BAY 34A","ON",4
"COLD LAKE 149B","AB",4
"YEKWAUPSUM 18","BC",4
"DUNCAN LAKE 2","BC",4
"LESLIE","SK",4
"THOMAS SQUINAS RANCH 2A","BC",4
"BIG LOTS","NS",4
"GOLDEN WEST NO. 95","SK",4
"SEAH 5","BC",4
"TSEATAH 2","BC",4
"RED HEAD COVE","NL",4
"PELICAN POINTE","SK",4
"PORT KIRWAN","NL",4
"ALEXANDER 134","AB",4
"MARRIOTTS COVE","NS",4
"HOODOO NO. 401","SK",4
"PORTAGE","PE",4
"CARVEL","AB",4
"CUT KNIFE NO. 439","SK",4
"WINSLOE","PE",4
"POPKUM 1","BC",4
"HERSCHEL","SK",4
"SAWRIDGE 150H","AB",4
"HYANNAS","NS",4
"WABASCA 166","AB",4
"POINTE DU BOIS","MB",4
"LAC-DOUAIRE","QC",4
"DUFROST","MB",4
"CAPE ENRAGE","NB",4
"ADAMS GULCH","NB",4
"ESTEVAN NO. 5","SK",4
"FOUNTAIN 1B","BC",4
"GHOST LAKE","AB",4
"SISSIBOO FALLS","NS",4
"WYERS BROOK","NB",4
"WAYWAYSEECAPPO FIRST NATION","MB",4
"LAKE ALMA NO. 8","SK",4
"BUCHANAN NO. 304","SK",4
"COOKS HARBOUR","NL",4
"MONUMENT","NB",4
"NESIKEP 6","BC",4
"JEAN BAPTISTE GAMBLER 183","AB",4
"STALWART","SK",4
"TREATY FOUR RESERVE GROUNDS 77","SK",4
"PICKETTS COVE","NB",4
"STONEHENGE NO. 73","SK",4
"DOG CREEK 2","BC",4
"EAST MOBERLY LAKE 169","BC",4
"ROKEBY","SK",4
"LONGLAKETON NO. 219","SK",4
"SUTTON NO. 103","SK",4
"JUBILEE","NS",4
"WHITESHELL","MB",4
"REGION 4, UNORGANIZED","NT",4
"NORTON NO. 69","SK",4
"HOEY","SK",4
"RUBY CREEK 2","BC",4
"SEAL COVE (FORTUNE BAY)","NL",4
"CAPE NEGRO","NS",4
"BROKENSHELL NO. 68","SK",4
"MAYFIELD NO. 406","SK",4
"KENORA 38B","ON",4
"HOLBERG","BC",4
"CALAHOO","AB",4
"LA POILE","NL",4
"SOLSGIRTH","MB",4
"ST BRENDANS","NL",4
"WRIGHTS LAKE","NS",4
"ZHIIBAAHAASING 19A","ON",4
"STRYEN 9","BC",4
"JACKHEAD 43","MB",4
"SILVERWOOD NO. 123","SK",4
"POPLAR RIVER 16","MB",4
"SOPS ARM","NL",4
"DUFFERIN NO. 190","SK",4
"WOOD CREEK NO. 281","SK",4
"INKLUCKCHEEN","BC",4
"PINK MOUNTAIN","BC",4
"BARTIBOG","NB",4
"MULVIHILL","MB",4
"SWAN LAKE 65C","MB",4
"WILLIAMS PRAIRIE MEADOW 1A","BC",4
"LOWER HAT CREEK 2","BC",4
"DAWSONS LANDING","BC",4
"LAKEVIEW NO. 337","SK",4
"FOUNTAIN 10","BC",4
"WILBURN","NS",3
"MOONSTONE","ON",3
"EEL RIVER COVE","NB",3
"BARTLETTS HARBOUR","NL",3
"GALLIVAN","SK",3
"CHATFIELD","MB",3
"DALVAY","PE",3
"MILBURN.","PE",3
"MANSON","MB",3
"WATINO","AB",3
"VICEROY","SK",3
"PAKWAW LAKE","SK",3
"WOODFIELD","NS",3
"MUSIDORA","AB",3
"PEEBLES","SK",3
"CENTREDALE","NS",3
"INSINGER","SK",3
"COULTER","MB",3
"BURNSIDE","NL",3
"MACINTYRE LAKE","NS",3
"TSIIGEHTCHIC","NT",3
"ST FINTANS","NL",3
"MENISINO","MB",3
"SONNINGDALE","SK",3
"KEELS","NL",3
"PLEASANT RIDGE CHAR COUNTY","NB",3
"DESTRUCTION BAY","YT",3
"GOOSEBERRY COVE","NL",3
"ARROW RIVER","MB",3
"IVUJIVIK","QC",3
"DONAHUE LAKE","NS",3
"DEMAINE","SK",3
"MESKANAW","SK",3
"LAKE UIST","NS",3
"WALLACE HIGHLANDS","NS",3
"GOODFISH LAKE","AB",3
"FIFE LAKE","SK",3
"FOXLEY RIVER","PE",3
"BELLIVEAU COVE","NS",3
"NEMAIAH VALLEY","BC",3
"FINNEGAN","AB",3
"RICHLEA","SK",3
"ALCOMDALE","AB",3
"PELTOMA SETTLEMENT","NB",3
"BURWASH LANDING","YT",3
"BEAVER CREEK","YT",3
"MORETONS HARBOUR","NL",3
"KEHEWIN","AB",3
"DALLAS","MB",3
"CAPPAHAYDEN","NL",3
"WEST BEND","SK",3
"MOUNTAIN ROAD","MB",3
"PRAIRIE RIVER","SK",3
"FUNDY NATIONAL PARK","NB",3
"SPRUCE HOME","SK",3
"HEBRON","NB",3
"BEAVER MOUNTAIN","NS",3
"SEAVIEW","NS",3
"COOKSHIRE","QC",3
"BRISTOL JUNCTION","NB",3
"WILD COVE WB","NL",3
"UNION ROAD.","PE",3
"ALLANDALE","NB",3
"CODROY","NL",3
"FORT LIARD","NT",3
"LEONARD COLONY","NB",3
"TROSSACHS","SK",3
"NEW MELBOURNE","NL",3
"GERMANSEN LANDING","BC",3
"SOUTH BRANCH","NL",3
"MELMERBY BEACH","NS",2
"OKLA","SK",2
"CALEDONIA NO. 99","SK",2
"JEAN BAPTISTE 28","BC",2
"DIVISION NO.  2, SUBD. H","NL",2
"BLOODVEIN 12","MB",2
"GODS LAKE NARROWS","MB",2
"PRINTZ COVE","NB",2
"BRUNSWICK MINES","NB",2
"WHONNOCK 1","BC",2
"CENTREVILLE..","NS",2
"EXCELSIOR NO. 166","SK",2
"DIVISION NO.  7, SUBD. B","NL",2
"BARRIER VALLEY NO. 397","SK",2
"BUCKTUM 4","BC",2
"CARCROSS 4","YT",2
"LAC-DES-DIX-MILLES","QC",2
"PROSPECT.","NS",2
"EYE HILL NO. 382","SK",2
"CORNING","SK",2
"LAKETOWN 3","BC",2
"MOUNT AUBURN","NS",2
"HEART'S HILL NO. 352","SK",2
"CHESTERFIELD NO. 261","SK",2
"SANDY HARRY 4","BC",2
"GRAVELBOURG NO. 104","SK",2
"COCHRANE, UNORGANIZED, SOUTH EAST PART","ON",2
"KITIMAT-STIKINE C (PART 2)","BC",2
"ROWLEY","AB",2
"BRADWARDINE","MB",2
"ST COLUMBA","NS",2
"DIVISION NO.  7, SUBD. I","NL",2
"HARDING","MB",2
"ECHO BAY","SK",2
"BODO","AB",2
"WHITEHORSE, UNORGANIZED","YT",2
"SWEET BAY","NL",2
"WILLISVILLE","ON",2
"LAC VERT","SK",2
"LOWER CLYDE RIVER","NS",2
"SILVER","MB",2
"JOBS COVE","NL",2
"WEST ST. MODESTE","NL",2
"CHIPPEWAS OF GEORGINA ISLAND FIRST NATION","ON",2
"LANGBANK","SK",2
"BIG QUILL NO. 308","SK",2
"HECTANOOGA","NS",2
"EVESHAM","SK",2
"CHERRYVALE","NB",2
"O'HANLY","MB",2
"LITTLE HARBOUR.","NS",2
"REDSTONE FLAT 1","BC",2
"WHEATLANDS NO. 163","SK",2
"MEETING LAKE NO. 466","SK",2
"TROUT LAKE","AB",2
"ST ANDREWS","NL",2
"ST. LEWIS","NL",2
"FERLAND","SK",2
"LYTTON 9B","BC",2
"BRIDGE RIVER 1","BC",2
"BOAT HARBOUR WEST","NL",2
"MUNCHO LAKE","BC",2
"NOTRE-DAME-DES-ANGES","QC",2
"GRANDVIEW NO. 349","SK",2
"MIKADO","SK",2
"MALONTON","MB",2
"WINSLOW NO. 319","SK",2
"NICKEYEAH 25","BC",2
"SQUAAM 2","BC",2
"FERTILE BELT NO. 183","SK",2
"FOUNTAIN 3","BC",2
"LACADENA","SK",2
"TIN WIS 11","BC",2
"HALHALAEDEN","BC",2
"PIKWITONEI","MB",2
"CALDER NO. 241","SK",2
"RAITH","ON",2
"MATSQUI 4","BC",2
"BEAR RIVER 6B","NS",2
"ST MARKS","MB",2
"EST-PATROLAS 4","BC",2
"BLUMENHOF","SK",2
"SHAMROCK NO. 134","SK",2
"SPY HILL NO. 152","SK",2
"COCKBURN ISLAND","ON",2
"HEATHERTON","NL",2
"LONG PLAIN","MB",2
"LITTLE PINE 116 (PART)","SK",2
"TATLA WEST 11","BC",2
"CLAKAMUCUS 2","BC",2
"PREECEVILLE NO. 334","SK",2
"STONEY 142, 143, 144","AB",2
"LESSER SLAVE RIVER","AB",2
"MONTANA 139","AB",2
"YORK.","ON",2
"TOAD RIVER","BC",2
"COQUITLAM 2","BC",2
"SALT RIVER NO. 195","NT",2
"SPRUCE LAKE","SK",2
"MYSTERY LAKE","MB",2
"HARRIS NO. 316","SK",2
"OHIO.","NS",2
"NEGGINAN","MB",2
"DIVISION NO. 10, SUBD. B","NL",2
"MUNRO LAKE","NS",2
"STAR CITY NO. 428","SK",2
"DIVISION NO.  2, SUBD. F","NL",2
"HUMBOLDT NO. 370","SK",2
"CAPE MUDGE 10","BC",2
"ABERNETHY NO. 186","SK",2
"ARLINGTON NO. 79","SK",2
"TOOSEY 1","BC",2
"SAINT-LOUIS-DE-GONZAGUE-DU-CAP-TOURMENTE","QC",2
"KENABEEK","ON",2
"UPPER NEPA 6","BC",2
"PADDOCKWOOD NO. 520","SK",2
"BEAR FLAT","BC",2
"WHITE BEAR","SK",2
"YELLOW QUILL","SK",2
"ROLLING RIVER 67","MB",2
"SINCLAIR MILLS","BC",2
"MIDDLETON..","NS",2
"WILLOWBROOK","SK",2
"HANDEL","SK",2
"CROSS ROAD MOUNTAIN","NS",2
"SPINTLUM FLAT 3","BC",2
"ORMISTON","SK",2
"DIVISION NO.  8, SUBD. O","NL",2
"SWEET GRASS 113","SK",2
"MENZIE","MB",2
"ROSEDALE","NS",2
"CONGRESS","SK",2
"SQUAWKUM CREEK 3","BC",2
"MEYRONNE","SK",2
"BIGGAR NO. 347","SK",2
"ASHVILLE","MB",2
"CHESTER GRANT","NS",2
"ALEXANDER 134B","AB",2
"SAULT-AU-COCHON","QC",2
"LAJORD","SK",2
"SURPRISE VALLEY NO. 9","SK",2
"AVONDALE","PE",2
"MALACHAN 11","BC",2
"LITTLE BAY ISLANDS","NL",2
"MICHEL VILLAGE","SK",2
"MONKSTOWN","NL",2
"CARLOWRIE","MB",2
"DIVISION NO.  1, SUBD. K","NL",2
"SAUG-A-GAW-SING 1","ON",2
"MEADOW PORTAGE","MB",2
"HARRINGTON HARBOUR","QC",2
"EDDYSTONE","MB",1
"CHARLESTON","NL",1
"RIVERSIDE..","NS",1
"SALMON RIVER LOOP","NS",1
"HENRIBOURG","SK",1
"KIRKHILL","NS",1
"MILLBROOK..","NS",1
"BROOKSIDE.","NS",1
"LONDONDERRY","NB",1
"MONT NEBO","SK",1
"FENN","AB",1
"ALLEN HILL","NS",1
"LISIEUX","SK",1
"TINY (PERKINSFIELD)","ON",1
"ALDER PLAINS","NS",1
"BLOMIDON PROVINCIAL PARK","NS",1
"RED EARTH","SK",1
"CARRAGANA","SK",1
"SHEROSE ISLAND","NS",1
"SHORTDALE","MB",1
"JADE CITY","BC",1
"HOPEALL","NL",1
"STRANRAER","SK",1
"CANAAN.","NS",1
"BEAR RIVER EAST","NS",1
"BUFFALO LAKE METIS SETTLEMENT","AB",1
"MINISTERS ISLAND","NB",1
"GLADMAR","SK",1
"TUFFNELL","SK",1
"ARRAN","SK",1
"SHEPODY KINGS CO","NB",1
"GREEN GABLES","PE",1
"HERMITAGE","PE",1
"ADMIRAL","SK",1
"KENNEBECASIS ISLAND","NB",1
"PORTREEVE","SK",1
"CAPLIN COVE BDV","NL",1
"SHAMROCK","SK",1
"BLOODVEIN","MB",1
"PINE GROVE.","NS",1
"BETHANY","MB",1
"CANDIAC","SK",1
"LODGE BAY","NL",1
"ROMAN VALLEY","NS",1
"ATHELSTAN","QC",1
"KOOSTATAK","MB",1
"SNOWDEN","SK",1
"PLEASANT VALLEY...","NS",1
"BIG MOLLY UPSIM LAKE","NS",1
"CHERRY POINT","AB",1
"CAMP CREEK","AB",1
"DENHOLM","SK",1
"BON ACCORD","NB",1
"MANSON CREEK","BC",1
"GREENWOOD.","NS",1
"PRIMROSE","PE",1
"BAY VIEW.","NS",1
"BARRACHOIS.","NS",1
"COLLINS","ON",1
"TORONTO","PE",1
"CANARD","NS",1
"PENNY","BC",1
"LITTLE HARBOUR EAST PB","NL",1
"PLUM POINT","NL",1
"FLINTOFT","SK",1
"PLATE COVE WEST","NL",1
"MICA CREEK","BC",1
"FRANKLIN","MB",1
"DEERSDALE","NB",1
"BARRIO LAKE","NS",1
"STE CROIX","NS",1
"LONG SETTLEMENT KINGS CO","NB",1
"DILLON","SK",1
"KHEDIVE","SK",1
"WOODVIEW","ON",1
"WROXTON","SK",1
"LOWER WENTWORTH","NS",1
"CAINS MOUNTAIN","NS",1
"MANSFIELD","NS",1
"MISTATIM","SK",1
"LADLE COVE","NL",1
"CACTUS LAKE","SK",1
"SHOE COVE","NL",1
"WAUCHOPE","SK",1
"HOOSIER","SK",1
"SHACKLETON","SK",1
"FORTRESS OF LOUISBOURG","NS",1
"LORNE VALLEY","PE",1
"SAINT-JOSEPH-DE-HAM-SUD","QC",1
"LEROSS","SK",1
"MIDDLE CLYDE RIVER","NS",1
"LAKE ALMA","SK",1
"CRYSTAL LAKE","SK",1
"GREEN RIDGE","MB",1
"NORTH WILLIAMSTON","NS",1
"MELEB","MB",1
"MADISON","SK",1
"MAKINAK","MB",1
"MOZART","SK",1
"MAIN CENTRE","SK",1
"GRANDVIEW","PE",1
"TRUAX","SK",1
"SAINTE-AGATHE-NORD","QC",1
"MOSHERS ISLAND","NS",1
"WESTMORELAND","PE",1
"PALMER","SK",1
"KRYDOR","SK",1
"LITTLE ST LAWRENCE","NL",1
"ROCKHAVEN","SK",1
"GILBERTS COVE","NS",1
"DOCTORS COVE","NS",1
"REDSTONE","BC",1
"FAIR HAVEN","NL",1
"GRAND BEACH","NL",1
"LOCHSIDE","NS",1
"LAUDER","MB",1
"ISLAND LAKE","SK",1
"KYLEMORE","SK",1
"TALBOTVILLE ROYAL","ON",1
"GOODRIDGE","AB",1
"FULDA","SK",1
"ST-PETERS BAY","PE",1
"KAYVILLE","SK",1
"ARDILL","SK",1
"PARRY","SK",1
"CLAYDON","SK",1
"MIQUELON","QC",1
"PARKBEG","SK",1
"BEAUBIER","SK",1
"MULLINGAR","SK",1
"TOOTINAOWAZIIBEENG","MB",1
"HENDON","SK",1
"SIKSIKA","AB",1
"HAPPY VALLEY-GOOSE BAY STN B","NL",1
"ST LEWIS","NL",1
"UPPER FOX ISLAND","NS",1
"VALLEY POND","NL",1
